cluster_id_1,cluster_id_2,cluster_size_1,cluster_size_2,blocking_rules,blocking_rule_names,blocking_hits,record_pairs_compared,record_id_1,source_system_1,source_record_id_1,record_id_2,source_system_2,source_record_id_2,email_available,email_similarity,phone_available,phone_similarity,name_available,name_similarity,address_available,address_similarity,postcode_available,postcode_similarity,date_of_birth_available,date_of_birth_similarity,weighted_similarity_score,evidence_coverage,strong_identifiers,supporting_features,corroborating_features,supporting_feature_count,corroborating_feature_count,static_conflict,preliminary_decision,preliminary_reason,final_decision,final_reason,merge_performed,probabilistic_cluster_id_1,probabilistic_cluster_id_2
DCL000040,DCL010500,2,1,B04,Email domain and local-part prefix,1,2,STG020948,ECOMMERCE,TXN012948,STG033213,MARKETING,MKT011911,True,1.0,False,0.0,True,0.9412,False,0.0,True,0.6667,False,0.0,0.9248,0.6,email,email | name,name,2,1,False,automatic_match,Automatic match criteria satisfied,accepted_merge,Automatic criteria and cluster safeguards satisfied,True,PCL000040,PCL000040
DCL000219,DCL008563,3,2,B01 | B02 | B03 | B05,First-name initial and exact postcode | Phone suffix and surname initial | Surname initial and postcode outward code | Surname prefix and exact postcode,4,6,STG000219,CRM,CRM000219,STG013505,ECOMMERCE,TXN005505,True,0.7843,True,1.0,True,0.96,True,1.0,True,1.0,False,0.0,0.9235,0.95,phone,address | email | name | phone | postcode,address | email | name | postcode,5,4,False,automatic_match,Automatic match criteria satisfied,accepted_merge,Automatic criteria and cluster safeguards satisfied,True,PCL000219,PCL000219
DCL000284,DCL010288,3,1,B04,Email domain and local-part prefix,1,3,STG020979,ECOMMERCE,TXN012979,STG030433,MARKETING,MKT009131,True,1.0,False,0.0,True,0.9375,False,0.0,True,0.6667,False,0.0,0.9236,0.6,email,email | name,name,2,1,False,automatic_match,Automatic match criteria satisfied,accepted_merge,Automatic criteria and cluster safeguards satisfied,True,PCL000284,PCL000284
DCL000328,DCL010077,7,1,B04,Email domain and local-part prefix,1,7,STG022618,MARKETING,MKT001316,STG027561,MARKETING,MKT006259,True,1.0,False,0.0,True,0.9231,False,0.0,True,0.6667,False,0.0,0.9188,0.6,email,email | name,name,2,1,False,automatic_match,Automatic match criteria satisfied,accepted_merge,Automatic criteria and cluster safeguards satisfied,True,PCL000328,PCL000328
DCL000335,DCL010246,11,1,B04,Email domain and local-part prefix,1,11,STG020013,ECOMMERCE,TXN012013,STG029887,MARKETING,MKT008585,True,1.0,False,0.0,True,0.9565,False,0.0,True,0.6,False,0.0,0.9188,0.6,email,email | name,name,2,1,False,automatic_match,Automatic match criteria satisfied,accepted_merge,Automatic criteria and cluster safeguards satisfied,True,PCL000335,PCL000335
DCL000497,DCL008637,1,2,B01 | B02 | B03 | B05,First-name initial and exact postcode | Phone suffix and surname initial | Surname initial and postcode outward code | Surname prefix and exact postcode,4,2,STG000497,CRM,CRM000497,STG014157,ECOMMERCE,TXN006157,False,0.0,True,1.0,True,0.8235,True,1.0,True,1.0,False,0.0,0.9457,0.65,phone,address | name | phone | postcode,address | name | postcode,4,3,False,automatic_match,Automatic match criteria satisfied,accepted_merge,Automatic criteria and cluster safeguards satisfied,True,PCL000497,PCL000497
DCL000519,DCL010495,5,1,B04,Email domain and local-part prefix,1,5,STG033275,MARKETING,MKT011973,STG033162,MARKETING,MKT011860,True,0.9796,False,0.0,True,1.0,False,0.0,True,0.6,False,0.0,0.9231,0.6,email,email | name,name,2,1,False,automatic_match,Automatic match criteria satisfied,accepted_merge,Automatic criteria and cluster safeguards satisfied,True,PCL000519,PCL000519
DCL000579,DCL007917,3,1,B01 | B02 | B03 | B05,First-name initial and exact postcode | Phone suffix and surname initial | Surname initial and postcode outward code | Surname prefix and exact postcode,4,3,STG013419,ECOMMERCE,TXN005419,STG008655,ECOMMERCE,TXN000655,True,0.8077,True,1.0,True,0.9231,True,1.0,True,1.0,False,0.0,0.9231,0.95,phone,address | email | name | phone | postcode,address | email | name | postcode,5,4,False,automatic_match,Automatic match criteria satisfied,accepted_merge,Automatic criteria and cluster safeguards satisfied,True,PCL000579,PCL000579
DCL000640,DCL008585,4,1,B02 | B03 | B04 | B05,Email domain and local-part prefix | First-name initial and exact postcode | Phone suffix and surname initial | Surname initial and postcode outward code,4,4,STG000640,CRM,CRM000640,STG013673,ECOMMERCE,TXN005673,True,0.9804,True,1.0,True,0.9333,True,1.0,True,1.0,False,0.0,0.9798,0.95,email | phone,address | email | name | phone | postcode,address | name | postcode,5,3,False,automatic_match,Automatic match criteria satisfied,accepted_merge,Automatic criteria and cluster safeguards satisfied,True,PCL000640,PCL000640
DCL000665,DCL009952,12,1,B04,Email domain and local-part prefix,1,12,STG020180,ECOMMERCE,TXN012180,STG026172,MARKETING,MKT004870,True,1.0,False,0.0,True,0.96,False,0.0,True,0.6,False,0.0,0.92,0.6,email,email | name,name,2,1,False,automatic_match,Automatic match criteria satisfied,accepted_merge,Automatic criteria and cluster safeguards satisfied,True,PCL000665,PCL000665
DCL001046,DCL010030,4,1,B04,Email domain and local-part prefix,1,4,STG027995,MARKETING,MKT006693,STG027133,MARKETING,MKT005831,True,1.0,False,0.0,True,0.9565,False,0.0,True,0.6667,False,0.0,0.93,0.6,email,email | name,name,2,1,False,automatic_match,Automatic match criteria satisfied,accepted_merge,Automatic criteria and cluster safeguards satisfied,True,PCL001046,PCL001046
DCL001164,DCL010320,2,1,B04,Email domain and local-part prefix,1,2,STG030489,MARKETING,MKT009187,STG030822,MARKETING,MKT009520,True,1.0,False,0.0,True,0.963,False,0.0,True,0.6667,False,0.0,0.9321,0.6,email,email | name,name,2,1,False,automatic_match,Automatic match criteria satisfied,accepted_merge,Automatic criteria and cluster safeguards satisfied,True,PCL001164,PCL001164
DCL001246,DCL008121,5,5,B04,Email domain and local-part prefix,1,25,STG033277,MARKETING,MKT011975,STG024479,MARKETING,MKT003177,True,0.9744,False,0.0,True,1.0,False,0.0,True,0.5455,False,0.0,0.9114,0.6,email,email | name,name,2,1,False,automatic_match,Automatic match criteria satisfied,accepted_merge,Automatic criteria and cluster safeguards satisfied,True,PCL001246,PCL001246
DCL001263,DCL009355,2,2,B02 | B04,Email domain and local-part prefix | Surname initial and postcode outward code,2,4,STG030563,MARKETING,MKT009261,STG020443,ECOMMERCE,TXN012443,True,0.9545,False,0.0,True,1.0,False,0.0,True,0.6,False,0.0,0.9106,0.6,email,email | name,name,2,1,False,automatic_match,Automatic match criteria satisfied,accepted_merge,Automatic criteria and cluster safeguards satisfied,True,PCL001263,PCL001263
DCL001348,DCL010611,1,1,B04,Email domain and local-part prefix,1,1,STG001348,CRM,CRM001348,STG075336,SUPPORT,SUP002034,True,0.9796,True,1.0,True,0.7273,False,0.0,False,0.0,False,0.0,0.9191,0.75,email | phone,email | phone,name,2,1,False,automatic_match,Automatic match criteria satisfied,accepted_merge,Automatic criteria and cluster safeguards satisfied,True,PCL001348,PCL001348
DCL001454,DCL010367,4,1,B04,Email domain and local-part prefix,1,4,STG020437,ECOMMERCE,TXN012437,STG031424,MARKETING,MKT010122,True,1.0,False,0.0,True,0.9524,False,0.0,True,0.6,False,0.0,0.9175,0.6,email,email | name,name,2,1,False,automatic_match,Automatic match criteria satisfied,accepted_merge,Automatic criteria and cluster safeguards satisfied,True,PCL001454,PCL001454
DCL001570,DCL008368,4,1,B01 | B02 | B03 | B05,First-name initial and exact postcode | Phone suffix and surname initial | Surname initial and postcode outward code | Surname prefix and exact postcode,4,4,STG001570,CRM,CRM001570,STG011889,ECOMMERCE,TXN003889,False,0.0,True,1.0,True,0.9,True,1.0,True,1.0,False,0.0,0.9692,0.65,phone,address | name | phone | postcode,address | name | postcode,4,3,False,automatic_match,Automatic match criteria satisfied,accepted_merge,Automatic criteria and cluster safeguards satisfied,True,PCL001570,PCL001570
DCL001893,DCL010361,10,1,B04,Email domain and local-part prefix,1,10,STG020344,ECOMMERCE,TXN012344,STG031374,MARKETING,MKT010072,True,1.0,False,0.0,True,0.9412,False,0.0,True,0.6667,False,0.0,0.9248,0.6,email,email | name,name,2,1,False,automatic_match,Automatic match criteria satisfied,accepted_merge,Automatic criteria and cluster safeguards satisfied,True,PCL001893,PCL001893
DCL001917,DCL010216,5,1,B04,Email domain and local-part prefix,1,5,STG015885,ECOMMERCE,TXN007885,STG029515,MARKETING,MKT008213,True,1.0,False,0.0,True,0.963,False,0.0,True,0.6667,False,0.0,0.9321,0.6,email,email | name,name,2,1,False,automatic_match,Automatic match criteria satisfied,accepted_merge,Automatic criteria and cluster safeguards satisfied,True,PCL001917,PCL001917
DCL001967,DCL010135,7,1,B04,Email domain and local-part prefix,1,7,STG015143,ECOMMERCE,TXN007143,STG028306,MARKETING,MKT007004,True,1.0,False,0.0,True,0.9655,False,0.0,True,0.6,False,0.0,0.9218,0.6,email,email | name,name,2,1,False,automatic_match,Automatic match criteria satisfied,accepted_merge,Automatic criteria and cluster safeguards satisfied,True,PCL001967,PCL001967
DCL002011,DCL009349,2,1,B01 | B02 | B03 | B05,First-name initial and exact postcode | Phone suffix and surname initial | Surname initial and postcode outward code | Surname prefix and exact postcode,4,2,STG002011,CRM,CRM002011,STG020419,ECOMMERCE,TXN012419,True,0.7692,True,1.0,True,0.9231,True,1.0,True,1.0,False,0.0,0.9109,0.95,phone,address | email | name | phone | postcode,address | email | name | postcode,5,4,False,automatic_match,Automatic match criteria satisfied,accepted_merge,Automatic criteria and cluster safeguards satisfied,True,PCL002011,PCL002011
DCL002012,DCL009629,3,1,B04,Email domain and local-part prefix,1,3,STG012883,ECOMMERCE,TXN004883,STG022238,MARKETING,MKT000936,True,1.0,False,0.0,True,0.9412,False,0.0,True,0.6667,False,0.0,0.9248,0.6,email,email | name,name,2,1,False,automatic_match,Automatic match criteria satisfied,accepted_merge,Automatic criteria and cluster safeguards satisfied,True,PCL002012,PCL002012
DCL002049,DCL008630,2,1,B01 | B02 | B03 | B05,First-name initial and exact postcode | Phone suffix and surname initial | Surname initial and postcode outward code | Surname prefix and exact postcode,4,2,STG002049,CRM,CRM002049,STG014050,ECOMMERCE,TXN006050,True,0.9565,True,1.0,True,0.9091,True,1.0,True,1.0,False,0.0,0.9671,0.95,email | phone,address | email | name | phone | postcode,address | name | postcode,5,3,False,automatic_match,Automatic match criteria satisfied,accepted_merge,Automatic criteria and cluster safeguards satisfied,True,PCL002049,PCL002049
DCL002127,DCL010018,1,1,B04,Email domain and local-part prefix,1,1,STG002127,CRM,CRM002127,STG026919,MARKETING,MKT005617,True,1.0,False,0.0,True,0.9565,False,0.0,True,0.6,False,0.0,0.9188,0.6,email,email | name,name,2,1,False,automatic_match,Automatic match criteria satisfied,accepted_merge,Automatic criteria and cluster safeguards satisfied,True,PCL002127,PCL002127
DCL002141,DCL010714,10,1,B04,Email domain and local-part prefix,1,10,STG076960,SUPPORT,SUP003658,STG077545,SUPPORT,SUP004243,True,0.9787,True,1.0,True,0.96,False,0.0,False,0.0,False,0.0,0.9808,0.75,email | phone,email | name | phone,name,3,1,False,automatic_match,Automatic match criteria satisfied,accepted_merge,Automatic criteria and cluster safeguards satisfied,True,PCL002141,PCL002141
DCL002154,DCL008068,1,3,B01 | B02 | B03 | B05,First-name initial and exact postcode | Phone suffix and surname initial | Surname initial and postcode outward code | Surname prefix and exact postcode,4,3,STG002154,CRM,CRM002154,STG015445,ECOMMERCE,TXN007445,False,0.0,True,1.0,True,0.7826,False,0.0,True,1.0,False,0.0,0.9209,0.55,phone,name | phone | postcode,name | postcode,3,2,False,automatic_match,Automatic match criteria satisfied,accepted_merge,Automatic criteria and cluster safeguards satisfied,True,PCL002154,PCL002154
DCL002276,DCL010618,3,1,B04,Email domain and local-part prefix,1,3,STG010578,ECOMMERCE,TXN002578,STG075436,SUPPORT,SUP002134,True,0.9825,True,0.9091,True,1.0,False,0.0,False,0.0,False,0.0,0.9627,0.75,email | phone,email | name | phone,name,3,1,False,automatic_match,Automatic match criteria satisfied,accepted_merge,Automatic criteria and cluster safeguards satisfied,True,PCL002276,PCL002276
DCL002309,DCL009989,9,1,B04,Email domain and local-part prefix,1,9,STG012918,ECOMMERCE,TXN004918,STG026618,MARKETING,MKT005316,True,1.0,False,0.0,True,0.9167,False,0.0,True,0.6667,False,0.0,0.9167,0.6,email,email | name,name,2,1,False,automatic_match,Automatic match criteria satisfied,accepted_merge,Automatic criteria and cluster safeguards satisfied,True,PCL002309,PCL002309
DCL002617,DCL009213,2,2,B01 | B02 | B03 | B05,First-name initial and exact postcode | Phone suffix and surname initial | Surname initial and postcode outward code | Surname prefix and exact postcode,4,4,STG002617,CRM,CRM002617,STG019546,ECOMMERCE,TXN011546,True,0.7843,True,1.0,True,0.96,True,1.0,True,1.0,False,0.0,0.9235,0.95,phone,address | email | name | phone | postcode,address | email | name | postcode,5,4,False,automatic_match,Automatic match criteria satisfied,accepted_merge,Automatic criteria and cluster safeguards satisfied,True,PCL002617,PCL002617
DCL002688,DCL009907,12,1,B04,Email domain and local-part prefix,1,12,STG013455,ECOMMERCE,TXN005455,STG025651,MARKETING,MKT004349,True,1.0,False,0.0,True,0.9565,False,0.0,True,0.6,False,0.0,0.9188,0.6,email,email | name,name,2,1,False,automatic_match,Automatic match criteria satisfied,accepted_merge,Automatic criteria and cluster safeguards satisfied,True,PCL002688,PCL002688
DCL002803,DCL009809,5,1,B04,Email domain and local-part prefix,1,5,STG024861,MARKETING,MKT003559,STG024482,MARKETING,MKT003180,True,1.0,False,0.0,True,0.9091,False,0.0,True,0.6667,False,0.0,0.9141,0.6,email,email | name,name,2,1,False,automatic_match,Automatic match criteria satisfied,accepted_merge,Automatic criteria and cluster safeguards satisfied,True,PCL002803,PCL002803
DCL002814,DCL010543,6,1,B04,Email domain and local-part prefix,1,6,STG015180,ECOMMERCE,TXN007180,STG074038,SUPPORT,SUP000736,True,0.9767,True,1.0,True,0.8889,False,0.0,False,0.0,False,0.0,0.9611,0.75,email | phone,email | name | phone,name,3,1,False,automatic_match,Automatic match criteria satisfied,accepted_merge,Automatic criteria and cluster safeguards satisfied,True,PCL002814,PCL002814
DCL002906,DCL010691,12,1,B04,Email domain and local-part prefix,1,12,STG074949,SUPPORT,SUP001647,STG077183,SUPPORT,SUP003881,True,0.9787,True,0.9,True,1.0,False,0.0,False,0.0,False,0.0,0.9582,0.75,email | phone,email | name | phone,name,3,1,False,automatic_match,Automatic match criteria satisfied,accepted_merge,Automatic criteria and cluster safeguards satisfied,True,PCL002906,PCL002906
DCL002971,DCL008631,4,2,B01 | B02 | B05,First-name initial and exact postcode | Surname initial and postcode outward code | Surname prefix and exact postcode,3,8,STG018681,ECOMMERCE,TXN010681,STG014053,ECOMMERCE,TXN006053,True,0.9545,False,0.0,True,0.9524,True,1.0,True,1.0,False,0.0,0.9669,0.7,email,address | email | name | postcode,address | name | postcode,4,3,False,automatic_match,Automatic match criteria satisfied,accepted_merge,Automatic criteria and cluster safeguards satisfied,True,PCL002971,PCL002971
DCL003085,DCL009747,4,1,B04,Email domain and local-part prefix,1,4,STG028183,MARKETING,MKT006881,STG023606,MARKETING,MKT002304,True,1.0,False,0.0,True,0.9286,False,0.0,True,0.6667,False,0.0,0.9206,0.6,email,email | name,name,2,1,False,automatic_match,Automatic match criteria satisfied,accepted_merge,Automatic criteria and cluster safeguards satisfied,True,PCL003085,PCL003085
DCL003339,DCL009661,6,1,B04,Email domain and local-part prefix,1,6,STG029507,MARKETING,MKT008205,STG022601,MARKETING,MKT001299,True,0.9818,False,0.0,True,1.0,False,0.0,True,0.6,False,0.0,0.9242,0.6,email,email | name,name,2,1,False,automatic_match,Automatic match criteria satisfied,accepted_merge,Automatic criteria and cluster safeguards satisfied,True,PCL003339,PCL003339
DCL003461,DCL010266,2,1,B04,Email domain and local-part prefix,1,2,STG003461,CRM,CRM003461,STG030120,MARKETING,MKT008818,True,1.0,False,0.0,True,0.96,False,0.0,True,0.6,False,0.0,0.92,0.6,email,email | name,name,2,1,False,automatic_match,Automatic match criteria satisfied,accepted_merge,Automatic criteria and cluster safeguards satisfied,True,PCL003461,PCL003461
DCL003489,DCL009297,2,2,B02 | B03 | B05,First-name initial and exact postcode | Phone suffix and surname initial | Surname initial and postcode outward code,3,4,STG003489,CRM,CRM003489,STG020053,ECOMMERCE,TXN012053,False,0.0,True,1.0,True,0.9333,True,1.0,True,1.0,False,0.0,0.9795,0.65,phone,address | name | phone | postcode,address | name | postcode,4,3,False,automatic_match,Automatic match criteria satisfied,accepted_merge,Automatic criteria and cluster safeguards satisfied,True,PCL003489,PCL003489
DCL003525,DCL008890,6,1,B02 | B03 | B05,First-name initial and exact postcode | Phone suffix and surname initial | Surname initial and postcode outward code,3,6,STG012168,ECOMMERCE,TXN004168,STG016469,ECOMMERCE,TXN008469,False,0.0,True,1.0,True,0.9524,True,1.0,True,1.0,False,0.0,0.9853,0.65,phone,address | name | phone | postcode,address | name | postcode,4,3,False,automatic_match,Automatic match criteria satisfied,accepted_merge,Automatic criteria and cluster safeguards satisfied,True,PCL003525,PCL003525
DCL003543,DCL009032,1,2,B01 | B02 | B03 | B05,First-name initial and exact postcode | Phone suffix and surname initial | Surname initial and postcode outward code | Surname prefix and exact postcode,4,2,STG003543,CRM,CRM003543,STG018004,ECOMMERCE,TXN010004,True,0.9744,True,1.0,True,0.9412,True,1.0,True,1.0,False,0.0,0.9795,0.95,email | phone,address | email | name | phone | postcode,address | name | postcode,5,3,False,automatic_match,Automatic match criteria satisfied,accepted_merge,Automatic criteria and cluster safeguards satisfied,True,PCL003543,PCL003543
DCL003549,DCL009823,3,1,B04,Email domain and local-part prefix,1,3,STG023339,MARKETING,MKT002037,STG024679,MARKETING,MKT003377,True,1.0,False,0.0,True,0.9474,False,0.0,True,0.6,False,0.0,0.9158,0.6,email,email | name,name,2,1,False,automatic_match,Automatic match criteria satisfied,accepted_merge,Automatic criteria and cluster safeguards satisfied,True,PCL003549,PCL003549
DCL003578,DCL008261,1,4,B03 | B04,Email domain and local-part prefix | Phone suffix and surname initial,2,4,STG003578,CRM,CRM003578,STG017257,ECOMMERCE,TXN009257,True,1.0,False,0.0,True,0.9286,True,1.0,False,0.0,False,0.0,0.9762,0.6,email,address | email | name,address | name,3,2,False,automatic_match,Automatic match criteria satisfied,accepted_merge,Automatic criteria and cluster safeguards satisfied,True,PCL003578,PCL003578
DCL003661,DCL010660,9,1,B04,Email domain and local-part prefix,1,9,STG076343,SUPPORT,SUP003041,STG076301,SUPPORT,SUP002999,True,0.9643,True,1.0,True,0.9655,False,0.0,False,0.0,False,0.0,0.9765,0.75,email | phone,email | name | phone,name,3,1,False,automatic_match,Automatic match criteria satisfied,accepted_merge,Automatic criteria and cluster safeguards satisfied,True,PCL003661,PCL003661
DCL003853,DCL009595,4,1,B04,Email domain and local-part prefix,1,4,STG023953,MARKETING,MKT002651,STG021951,MARKETING,MKT000649,True,1.0,False,0.0,True,0.9655,False,0.0,True,0.6,False,0.0,0.9218,0.6,email,email | name,name,2,1,False,automatic_match,Automatic match criteria satisfied,accepted_merge,Automatic criteria and cluster safeguards satisfied,True,PCL003853,PCL003853
DCL003870,DCL008798,6,1,B01 | B02 | B03 | B05,First-name initial and exact postcode | Phone suffix and surname initial | Surname initial and postcode outward code | Surname prefix and exact postcode,4,6,STG012110,ECOMMERCE,TXN004110,STG015627,ECOMMERCE,TXN007627,True,0.7755,True,1.0,True,0.9231,True,1.0,True,1.0,False,0.0,0.9129,0.95,phone,address | email | name | phone | postcode,address | email | name | postcode,5,4,False,automatic_match,Automatic match criteria satisfied,accepted_merge,Automatic criteria and cluster safeguards satisfied,True,PCL003870,PCL003870
DCL003928,DCL010576,3,1,B04,Email domain and local-part prefix,1,3,STG015049,ECOMMERCE,TXN007049,STG074540,SUPPORT,SUP001238,True,0.96,True,1.0,True,0.9231,False,0.0,False,0.0,False,0.0,0.9635,0.75,email | phone,email | name | phone,name,3,1,False,automatic_match,Automatic match criteria satisfied,accepted_merge,Automatic criteria and cluster safeguards satisfied,True,PCL003928,PCL003928
DCL003932,DCL008455,3,2,B02 | B03 | B05,First-name initial and exact postcode | Phone suffix and surname initial | Surname initial and postcode outward code,3,6,STG013900,ECOMMERCE,TXN005900,STG012562,ECOMMERCE,TXN004562,False,0.0,True,1.0,True,0.9412,True,1.0,True,1.0,False,0.0,0.9819,0.65,phone,address | name | phone | postcode,address | name | postcode,4,3,False,automatic_match,Automatic match criteria satisfied,accepted_merge,Automatic criteria and cluster safeguards satisfied,True,PCL003932,PCL003932
DCL003965,DCL009357,6,1,B01 | B02 | B03 | B05,First-name initial and exact postcode | Phone suffix and surname initial | Surname initial and postcode outward code | Surname prefix and exact postcode,4,6,STG003965,CRM,CRM003965,STG020451,ECOMMERCE,TXN012451,True,0.8837,True,1.0,True,0.9474,True,1.0,True,1.0,False,0.0,0.9522,0.95,email | phone,address | email | name | phone | postcode,address | name | postcode,5,3,False,automatic_match,Automatic match criteria satisfied,accepted_merge,Automatic criteria and cluster safeguards satisfied,True,PCL003965,PCL003965
DCL004006,DCL008459,5,2,B01 | B02 | B03 | B05,First-name initial and exact postcode | Phone suffix and surname initial | Surname initial and postcode outward code | Surname prefix and exact postcode,4,10,STG016042,ECOMMERCE,TXN008042,STG012583,ECOMMERCE,TXN004583,False,0.0,True,1.0,True,0.9565,True,1.0,True,1.0,False,0.0,0.9866,0.65,phone,address | name | phone | postcode,address | name | postcode,4,3,False,automatic_match,Automatic match criteria satisfied,accepted_merge,Automatic criteria and cluster safeguards satisfied,True,PCL004006,PCL004006
DCL004113,DCL008484,11,1,B01 | B02 | B03 | B05,First-name initial and exact postcode | Phone suffix and surname initial | Surname initial and postcode outward code | Surname prefix and exact postcode,4,11,STG017506,ECOMMERCE,TXN009506,STG012757,ECOMMERCE,TXN004757,False,0.0,True,1.0,True,0.9565,True,1.0,True,1.0,False,0.0,0.9866,0.65,phone,address | name | phone | postcode,address | name | postcode,4,3,False,automatic_match,Automatic match criteria satisfied,accepted_merge,Automatic criteria and cluster safeguards satisfied,True,PCL004113,PCL004113
DCL004363,DCL008925,6,2,B01 | B02 | B03,Phone suffix and surname initial | Surname initial and postcode outward code | Surname prefix and exact postcode,3,12,STG011830,ECOMMERCE,TXN003830,STG016850,ECOMMERCE,TXN008850,False,0.0,True,1.0,True,0.96,True,1.0,True,1.0,False,0.0,0.9877,0.65,phone,address | name | phone | postcode,address | name | postcode,4,3,False,automatic_match,Automatic match criteria satisfied,accepted_merge,Automatic criteria and cluster safeguards satisfied,True,PCL004363,PCL004363
DCL004384,DCL010168,9,1,B04,Email domain and local-part prefix,1,9,STG004384,CRM,CRM004384,STG028829,MARKETING,MKT007527,True,1.0,False,0.0,True,0.963,False,0.0,True,0.6667,False,0.0,0.9321,0.6,email,email | name,name,2,1,False,automatic_match,Automatic match criteria satisfied,accepted_merge,Automatic criteria and cluster safeguards satisfied,True,PCL004384,PCL004384
DCL004424,DCL007826,1,7,B01 | B02 | B03 | B05,First-name initial and exact postcode | Phone suffix and surname initial | Surname initial and postcode outward code | Surname prefix and exact postcode,4,7,STG004424,CRM,CRM004424,STG013057,ECOMMERCE,TXN005057,False,0.0,True,1.0,True,0.75,True,1.0,True,1.0,False,0.0,0.9231,0.65,phone,address | name | phone | postcode,address | name | postcode,4,3,False,automatic_match,Automatic match criteria satisfied,accepted_merge,Automatic criteria and cluster safeguards satisfied,True,PCL004424,PCL004424
DCL004451,DCL009626,4,1,B04,Email domain and local-part prefix,1,4,STG011417,ECOMMERCE,TXN003417,STG022197,MARKETING,MKT000895,True,1.0,False,0.0,True,0.9,False,0.0,True,0.6667,False,0.0,0.9111,0.6,email,email | name,name,2,1,False,automatic_match,Automatic match criteria satisfied,accepted_merge,Automatic criteria and cluster safeguards satisfied,True,PCL004451,PCL004451
DCL004487,DCL009826,9,1,B04,Email domain and local-part prefix,1,9,STG027530,MARKETING,MKT006228,STG024720,MARKETING,MKT003418,True,1.0,False,0.0,True,0.963,False,0.0,True,0.6,False,0.0,0.921,0.6,email,email | name,name,2,1,False,automatic_match,Automatic match criteria satisfied,accepted_merge,Automatic criteria and cluster safeguards satisfied,True,PCL004487,PCL004487
DCL004782,DCL010695,6,1,B04,Email domain and local-part prefix,1,6,STG074509,SUPPORT,SUP001207,STG077324,SUPPORT,SUP004022,True,0.9787,True,0.9091,True,1.0,False,0.0,False,0.0,False,0.0,0.9612,0.75,email | phone,email | name | phone,name,3,1,False,automatic_match,Automatic match criteria satisfied,accepted_merge,Automatic criteria and cluster safeguards satisfied,True,PCL004782,PCL004782
DCL004812,DCL010146,4,1,B04,Email domain and local-part prefix,1,4,STG027418,MARKETING,MKT006116,STG028418,MARKETING,MKT007116,True,1.0,False,0.0,True,0.9565,False,0.0,True,0.6667,False,0.0,0.93,0.6,email,email | name,name,2,1,False,automatic_match,Automatic match criteria satisfied,accepted_merge,Automatic criteria and cluster safeguards satisfied,True,PCL004812,PCL004812
DCL004827,DCL009650,10,1,B04,Email domain and local-part prefix,1,10,STG029177,MARKETING,MKT007875,STG022487,MARKETING,MKT001185,True,1.0,False,0.0,True,0.9412,False,0.0,True,0.6,False,0.0,0.9137,0.6,email,email | name,name,2,1,False,automatic_match,Automatic match criteria satisfied,accepted_merge,Automatic criteria and cluster safeguards satisfied,True,PCL004827,PCL004827
DCL004840,DCL010672,6,1,B04,Email domain and local-part prefix,1,6,STG011580,ECOMMERCE,TXN003580,STG076641,SUPPORT,SUP003339,True,0.973,True,1.0,True,0.9474,False,0.0,False,0.0,False,0.0,0.9752,0.75,email | phone,email | name | phone,name,3,1,False,automatic_match,Automatic match criteria satisfied,accepted_merge,Automatic criteria and cluster safeguards satisfied,True,PCL004840,PCL004840
DCL004974,DCL010386,1,1,B04,Email domain and local-part prefix,1,1,STG004974,CRM,CRM004974,STG031742,MARKETING,MKT010440,True,1.0,False,0.0,True,0.963,False,0.0,True,0.6667,False,0.0,0.9321,0.6,email,email | name,name,2,1,False,automatic_match,Automatic match criteria satisfied,accepted_merge,Automatic criteria and cluster safeguards satisfied,True,PCL004974,PCL004974
DCL005617,DCL009831,7,1,B04,Email domain and local-part prefix,1,7,STG021342,MARKETING,MKT000040,STG024750,MARKETING,MKT003448,True,1.0,False,0.0,True,0.9655,False,0.0,True,0.6667,False,0.0,0.933,0.6,email,email | name,name,2,1,False,automatic_match,Automatic match criteria satisfied,accepted_merge,Automatic criteria and cluster safeguards satisfied,True,PCL005617,PCL005617
DCL005741,DCL007910,4,2,B01 | B02 | B03 | B05,First-name initial and exact postcode | Phone suffix and surname initial | Surname initial and postcode outward code | Surname prefix and exact postcode,4,8,STG014001,ECOMMERCE,TXN006001,STG008625,ECOMMERCE,TXN000625,True,0.766,True,1.0,True,0.9565,True,1.0,True,1.0,False,0.0,0.9169,0.95,phone,address | email | name | phone | postcode,address | email | name | postcode,5,4,False,automatic_match,Automatic match criteria satisfied,accepted_merge,Automatic criteria and cluster safeguards satisfied,True,PCL005741,PCL005741
DCL005786,DCL009718,5,1,B04,Email domain and local-part prefix,1,5,STG026090,MARKETING,MKT004788,STG023149,MARKETING,MKT001847,True,1.0,False,0.0,True,0.9565,False,0.0,True,0.6,False,0.0,0.9188,0.6,email,email | name,name,2,1,False,automatic_match,Automatic match criteria satisfied,accepted_merge,Automatic criteria and cluster safeguards satisfied,True,PCL005786,PCL005786
DCL005795,DCL008742,5,1,B01 | B02 | B03 | B05,First-name initial and exact postcode | Phone suffix and surname initial | Surname initial and postcode outward code | Surname prefix and exact postcode,4,5,STG005795,CRM,CRM005795,STG015140,ECOMMERCE,TXN007140,False,0.0,True,1.0,True,0.963,True,1.0,True,1.0,False,0.0,0.9886,0.65,phone,address | name | phone | postcode,address | name | postcode,4,3,False,automatic_match,Automatic match criteria satisfied,accepted_merge,Automatic criteria and cluster safeguards satisfied,True,PCL005795,PCL005795
DCL005820,DCL007831,1,5,B05,First-name initial and exact postcode,1,5,STG005820,CRM,CRM005820,STG009449,ECOMMERCE,TXN001449,False,0.0,True,1.0,True,0.9167,True,1.0,True,1.0,False,0.0,0.9744,0.65,phone,address | name | phone | postcode,address | name | postcode,4,3,False,automatic_match,Automatic match criteria satisfied,accepted_merge,Automatic criteria and cluster safeguards satisfied,True,PCL005820,PCL005820
DCL005854,DCL009337,5,1,B01 | B02 | B03 | B05,First-name initial and exact postcode | Phone suffix and surname initial | Surname initial and postcode outward code | Surname prefix and exact postcode,4,5,STG005854,CRM,CRM005854,STG020316,ECOMMERCE,TXN012316,True,0.8,True,1.0,True,0.9412,True,1.0,True,1.0,False,0.0,0.9245,0.95,phone,address | email | name | phone | postcode,address | email | name | postcode,5,4,False,automatic_match,Automatic match criteria satisfied,accepted_merge,Automatic criteria and cluster safeguards satisfied,True,PCL005854,PCL005854
DCL006093,DCL009306,3,1,B02 | B03 | B05,First-name initial and exact postcode | Phone suffix and surname initial | Surname initial and postcode outward code,3,3,STG006093,CRM,CRM006093,STG020111,ECOMMERCE,TXN012111,False,0.0,True,1.0,True,0.9565,True,1.0,True,1.0,False,0.0,0.9866,0.65,phone,address | name | phone | postcode,address | name | postcode,4,3,False,automatic_match,Automatic match criteria satisfied,accepted_merge,Automatic criteria and cluster safeguards satisfied,True,PCL006093,PCL006093
DCL006157,DCL009572,5,1,B04,Email domain and local-part prefix,1,5,STG012146,ECOMMERCE,TXN004146,STG021692,MARKETING,MKT000390,True,1.0,False,0.0,True,0.963,False,0.0,True,0.6,False,0.0,0.921,0.6,email,email | name,name,2,1,False,automatic_match,Automatic match criteria satisfied,accepted_merge,Automatic criteria and cluster safeguards satisfied,True,PCL006157,PCL006157
DCL006290,DCL009724,6,1,B04,Email domain and local-part prefix,1,6,STG030812,MARKETING,MKT009510,STG023265,MARKETING,MKT001963,True,1.0,False,0.0,True,0.9412,False,0.0,True,0.7273,False,0.0,0.9349,0.6,email,email | name,name | postcode,2,2,False,automatic_match,Automatic match criteria satisfied,accepted_merge,Automatic criteria and cluster safeguards satisfied,True,PCL006290,PCL006290
DCL006332,DCL010112,2,1,B04,Email domain and local-part prefix,1,2,STG006332,CRM,CRM006332,STG027956,MARKETING,MKT006654,True,1.0,False,0.0,True,0.9091,False,0.0,True,0.7143,False,0.0,0.9221,0.6,email,email | name,name | postcode,2,2,False,automatic_match,Automatic match criteria satisfied,accepted_merge,Automatic criteria and cluster safeguards satisfied,True,PCL006332,PCL006332
DCL006516,DCL010704,4,1,B04,Email domain and local-part prefix,1,4,STG073420,SUPPORT,SUP000118,STG077402,SUPPORT,SUP004100,True,0.9787,True,0.9091,True,1.0,False,0.0,False,0.0,False,0.0,0.9612,0.75,email | phone,email | name | phone,name,3,1,False,automatic_match,Automatic match criteria satisfied,accepted_merge,Automatic criteria and cluster safeguards satisfied,True,PCL006516,PCL006516
DCL006736,DCL009288,1,4,B01 | B02 | B03 | B05,First-name initial and exact postcode | Phone suffix and surname initial | Surname initial and postcode outward code | Surname prefix and exact postcode,4,4,STG006736,CRM,CRM006736,STG020001,ECOMMERCE,TXN012001,False,0.0,True,1.0,True,0.7368,True,1.0,True,1.0,False,0.0,0.919,0.65,phone,address | phone | postcode,address | name | postcode,3,3,False,automatic_match,Automatic match criteria satisfied,accepted_merge,Automatic criteria and cluster safeguards satisfied,True,PCL006736,PCL006736
DCL006805,DCL008955,7,1,B01 | B02 | B03 | B04 | B05,Email domain and local-part prefix | First-name initial and exact postcode | Phone suffix and surname initial | Surname initial and postcode outward code | Surname prefix and exact postcode,5,7,STG006805,CRM,CRM006805,STG017148,ECOMMERCE,TXN009148,True,0.9583,True,1.0,True,0.96,True,1.0,True,1.0,False,0.0,0.9784,0.95,email | phone,address | email | name | phone | postcode,address | name | postcode,5,3,False,automatic_match,Automatic match criteria satisfied,accepted_merge,Automatic criteria and cluster safeguards satisfied,True,PCL006805,PCL006805
DCL006863,DCL009092,4,2,B01 | B02 | B03 | B04 | B05,Email domain and local-part prefix | First-name initial and exact postcode | Phone suffix and surname initial | Surname initial and postcode outward code | Surname prefix and exact postcode,5,8,STG018406,ECOMMERCE,TXN010406,STG018531,ECOMMERCE,TXN010531,True,0.9744,True,1.0,True,0.9412,True,1.0,True,1.0,False,0.0,0.9795,0.95,email | phone,address | email | name | phone | postcode,address | name | postcode,5,3,False,automatic_match,Automatic match criteria satisfied,accepted_merge,Automatic criteria and cluster safeguards satisfied,True,PCL006863,PCL006863
DCL006904,DCL010413,5,1,B04,Email domain and local-part prefix,1,5,STG020784,ECOMMERCE,TXN012784,STG032174,MARKETING,MKT010872,True,1.0,False,0.0,True,0.9565,False,0.0,True,0.6667,False,0.0,0.93,0.6,email,email | name,name,2,1,False,automatic_match,Automatic match criteria satisfied,accepted_merge,Automatic criteria and cluster safeguards satisfied,True,PCL006904,PCL006904
DCL007201,DCL008461,1,4,B02 | B03 | B05,First-name initial and exact postcode | Phone suffix and surname initial | Surname initial and postcode outward code,3,4,STG007201,CRM,CRM007201,STG015477,ECOMMERCE,TXN007477,True,0.8077,True,1.0,True,0.96,True,1.0,True,1.0,False,0.0,0.9309,0.95,phone,address | email | name | phone | postcode,address | email | name | postcode,5,4,False,automatic_match,Automatic match criteria satisfied,accepted_merge,Automatic criteria and cluster safeguards satisfied,True,PCL007201,PCL007201
DCL007379,DCL008178,8,1,B04 | B05,Email domain and local-part prefix | First-name initial and exact postcode,2,8,STG009773,ECOMMERCE,TXN001773,STG010428,ECOMMERCE,TXN002428,True,0.9524,True,1.0,True,0.9,True,1.0,True,1.0,False,0.0,0.9639,0.95,email | phone,address | email | name | phone | postcode,address | name | postcode,5,3,False,automatic_match,Automatic match criteria satisfied,accepted_merge,Automatic criteria and cluster safeguards satisfied,True,PCL007379,PCL007379
DCL007477,DCL009055,8,1,B01 | B02 | B03 | B05,First-name initial and exact postcode | Phone suffix and surname initial | Surname initial and postcode outward code | Surname prefix and exact postcode,4,8,STG015201,ECOMMERCE,TXN007201,STG018222,ECOMMERCE,TXN010222,False,0.0,True,1.0,True,0.9524,True,1.0,True,1.0,False,0.0,0.9853,0.65,phone,address | name | phone | postcode,address | name | postcode,4,3,False,automatic_match,Automatic match criteria satisfied,accepted_merge,Automatic criteria and cluster safeguards satisfied,True,PCL007477,PCL007477
DCL007721,DCL008738,1,1,B01 | B02 | B03 | B05,First-name initial and exact postcode | Phone suffix and surname initial | Surname initial and postcode outward code | Surname prefix and exact postcode,4,1,STG007721,CRM,CRM007721,STG015117,ECOMMERCE,TXN007117,False,0.0,True,1.0,True,0.963,True,1.0,True,1.0,False,0.0,0.9886,0.65,phone,address | name | phone | postcode,address | name | postcode,4,3,False,automatic_match,Automatic match criteria satisfied,accepted_merge,Automatic criteria and cluster safeguards satisfied,True,PCL007721,PCL007721
DCL007879,DCL010390,2,1,B04,Email domain and local-part prefix,1,2,STG008433,ECOMMERCE,TXN000433,STG031803,MARKETING,MKT010501,True,1.0,False,0.0,True,0.9412,False,0.0,True,0.6667,False,0.0,0.9248,0.6,email,email | name,name,2,1,False,automatic_match,Automatic match criteria satisfied,accepted_merge,Automatic criteria and cluster safeguards satisfied,True,PCL007877,PCL007877
DCL007897,DCL008361,8,1,B02 | B03 | B04 | B05,Email domain and local-part prefix | First-name initial and exact postcode | Phone suffix and surname initial | Surname initial and postcode outward code,4,8,STG008548,ECOMMERCE,TXN000548,STG011822,ECOMMERCE,TXN003822,True,0.9756,True,1.0,True,0.9,True,1.0,True,1.0,False,0.0,0.9712,0.95,email | phone,address | email | name | phone | postcode,address | name | postcode,5,3,False,automatic_match,Automatic match criteria satisfied,accepted_merge,Automatic criteria and cluster safeguards satisfied,True,PCL007895,PCL007895
DCL007900,DCL009842,3,1,B04,Email domain and local-part prefix,1,3,STG026973,MARKETING,MKT005671,STG024977,MARKETING,MKT003675,True,1.0,False,0.0,True,0.9524,False,0.0,True,0.6667,False,0.0,0.9286,0.6,email,email | name,name,2,1,False,automatic_match,Automatic match criteria satisfied,accepted_merge,Automatic criteria and cluster safeguards satisfied,True,PCL007898,PCL007898
DCL007957,DCL008099,4,1,B01 | B02 | B03 | B05,First-name initial and exact postcode | Phone suffix and surname initial | Surname initial and postcode outward code | Surname prefix and exact postcode,4,4,STG008916,ECOMMERCE,TXN000916,STG009879,ECOMMERCE,TXN001879,True,0.8261,True,1.0,True,0.9565,True,1.0,True,1.0,False,0.0,0.9359,0.95,phone,address | email | name | phone | postcode,address | email | name | postcode,5,4,False,automatic_match,Automatic match criteria satisfied,accepted_merge,Automatic criteria and cluster safeguards satisfied,True,PCL007953,PCL007953
DCL008002,DCL009851,4,1,B04,Email domain and local-part prefix,1,4,STG024657,MARKETING,MKT003355,STG025066,MARKETING,MKT003764,True,1.0,False,0.0,True,0.963,False,0.0,True,0.6667,False,0.0,0.9321,0.6,email,email | name,name,2,1,False,automatic_match,Automatic match criteria satisfied,accepted_merge,Automatic criteria and cluster safeguards satisfied,True,PCL007998,PCL007998
DCL008038,DCL010313,7,1,B04,Email domain and local-part prefix,1,7,STG026089,MARKETING,MKT004787,STG030791,MARKETING,MKT009489,True,1.0,False,0.0,True,0.9565,False,0.0,True,0.6667,False,0.0,0.93,0.6,email,email | name,name,2,1,False,automatic_match,Automatic match criteria satisfied,accepted_merge,Automatic criteria and cluster safeguards satisfied,True,PCL008034,PCL008034
DCL008127,DCL008851,1,2,B05,First-name initial and exact postcode,1,2,STG010104,ECOMMERCE,TXN002104,STG016072,ECOMMERCE,TXN008072,False,0.0,True,1.0,True,0.8889,True,1.0,True,1.0,False,0.0,0.9658,0.65,phone,address | name | phone | postcode,address | name | postcode,4,3,False,automatic_match,Automatic match criteria satisfied,accepted_merge,Automatic criteria and cluster safeguards satisfied,True,PCL008120,PCL008120
DCL008135,DCL008623,2,6,B02 | B03 | B05,First-name initial and exact postcode | Phone suffix and surname initial | Surname initial and postcode outward code,3,12,STG010149,ECOMMERCE,TXN002149,STG019405,ECOMMERCE,TXN011405,False,0.0,True,1.0,True,0.9474,True,1.0,True,1.0,False,0.0,0.9838,0.65,phone,address | name | phone | postcode,address | name | postcode,4,3,False,automatic_match,Automatic match criteria satisfied,accepted_merge,Automatic criteria and cluster safeguards satisfied,True,PCL008128,PCL008128
DCL008311,DCL009015,1,2,B02 | B03 | B05,First-name initial and exact postcode | Phone suffix and surname initial | Surname initial and postcode outward code,3,2,STG011432,ECOMMERCE,TXN003432,STG017815,ECOMMERCE,TXN009815,False,0.0,True,1.0,True,0.9091,True,1.0,True,1.0,False,0.0,0.972,0.65,phone,address | name | phone | postcode,address | name | postcode,4,3,False,automatic_match,Automatic match criteria satisfied,accepted_merge,Automatic criteria and cluster safeguards satisfied,True,PCL008302,PCL008302
DCL008335,DCL009636,3,1,B04,Email domain and local-part prefix,1,3,STG030468,MARKETING,MKT009166,STG022321,MARKETING,MKT001019,True,1.0,False,0.0,True,0.9091,False,0.0,True,0.6667,False,0.0,0.9141,0.6,email,email | name,name,2,1,False,automatic_match,Automatic match criteria satisfied,accepted_merge,Automatic criteria and cluster safeguards satisfied,True,PCL008326,PCL008326
DCL008407,DCL008680,3,2,B02 | B04,Email domain and local-part prefix | Surname initial and postcode outward code,2,6,STG022194,MARKETING,MKT000892,STG014599,ECOMMERCE,TXN006599,True,1.0,False,0.0,True,0.9167,False,0.0,True,0.6667,False,0.0,0.9167,0.6,email,email | name,name,2,1,False,automatic_match,Automatic match criteria satisfied,accepted_merge,Automatic criteria and cluster safeguards satisfied,True,PCL008396,PCL008396
DCL008427,DCL009184,1,3,B02 | B03 | B05,First-name initial and exact postcode | Phone suffix and surname initial | Surname initial and postcode outward code,3,3,STG012364,ECOMMERCE,TXN004364,STG019353,ECOMMERCE,TXN011353,True,0.8,True,1.0,True,0.9655,True,1.0,True,1.0,False,0.0,0.9296,0.95,phone,address | email | name | phone | postcode,address | email | name | postcode,5,4,False,automatic_match,Automatic match criteria satisfied,accepted_merge,Automatic criteria and cluster safeguards satisfied,True,PCL008416,PCL008416
DCL008579,DCL008675,1,6,B01 | B02 | B03 | B04 | B05,Email domain and local-part prefix | First-name initial and exact postcode | Phone suffix and surname initial | Surname initial and postcode outward code | Surname prefix and exact postcode,5,6,STG013640,ECOMMERCE,TXN005640,STG014533,ECOMMERCE,TXN006533,True,0.9583,True,1.0,True,0.9091,True,1.0,True,1.0,False,0.0,0.9677,0.95,email | phone,address | email | name | phone | postcode,address | name | postcode,5,3,False,automatic_match,Automatic match criteria satisfied,accepted_merge,Automatic criteria and cluster safeguards satisfied,True,PCL008563,PCL008563
DCL008693,DCL009677,1,2,B04,Email domain and local-part prefix,1,2,STG014732,ECOMMERCE,TXN006732,STG026480,MARKETING,MKT005178,True,1.0,False,0.0,True,0.9333,False,0.0,True,0.6667,False,0.0,0.9222,0.6,email,email | name,name,2,1,False,automatic_match,Automatic match criteria satisfied,accepted_merge,Automatic criteria and cluster safeguards satisfied,True,PCL008670,PCL008670
DCL008728,DCL009570,3,1,B04,Email domain and local-part prefix,1,3,STG026828,MARKETING,MKT005526,STG021673,MARKETING,MKT000371,True,1.0,False,0.0,True,0.9231,False,0.0,True,0.6667,False,0.0,0.9188,0.6,email,email | name,name,2,1,False,automatic_match,Automatic match criteria satisfied,accepted_merge,Automatic criteria and cluster safeguards satisfied,True,PCL008705,PCL008705
DCL008772,DCL009994,1,1,B04,Email domain and local-part prefix,1,1,STG015395,ECOMMERCE,TXN007395,STG026673,MARKETING,MKT005371,True,1.0,False,0.0,True,0.9474,False,0.0,True,0.6,False,0.0,0.9158,0.6,email,email | name,name,2,1,False,automatic_match,Automatic match criteria satisfied,accepted_merge,Automatic criteria and cluster safeguards satisfied,True,PCL008747,PCL008747
DCL008895,DCL009057,2,2,B01 | B02 | B03,Phone suffix and surname initial | Surname initial and postcode outward code | Surname prefix and exact postcode,3,4,STG016527,ECOMMERCE,TXN008527,STG018228,ECOMMERCE,TXN010228,True,0.8085,True,1.0,True,0.9167,True,1.0,True,1.0,False,0.0,0.922,0.95,phone,address | email | name | phone | postcode,address | email | name | postcode,5,4,False,automatic_match,Automatic match criteria satisfied,accepted_merge,Automatic criteria and cluster safeguards satisfied,True,PCL008867,PCL008867
DCL008934,DCL010573,2,2,B04,Email domain and local-part prefix,1,4,STG016936,ECOMMERCE,TXN008936,STG074465,SUPPORT,SUP001163,True,1.0,True,0.9091,True,0.9524,False,0.0,False,0.0,False,0.0,0.957,0.75,email | phone,email | name | phone,name,3,1,False,automatic_match,Automatic match criteria satisfied,accepted_merge,Automatic criteria and cluster safeguards satisfied,True,PCL008905,PCL008905
DCL008946,DCL010121,1,1,B04,Email domain and local-part prefix,1,1,STG017062,ECOMMERCE,TXN009062,STG028097,MARKETING,MKT006795,True,0.9756,False,0.0,True,1.0,False,0.0,True,0.6,False,0.0,0.9211,0.6,email,email | name,name,2,1,False,automatic_match,Automatic match criteria satisfied,accepted_merge,Automatic criteria and cluster safeguards satisfied,True,PCL008917,PCL008917
DCL009493,DCL010424,1,1,B04,Email domain and local-part prefix,1,1,STG021102,ECOMMERCE,TXN013102,STG032285,MARKETING,MKT010983,True,1.0,False,0.0,True,0.9565,False,0.0,True,0.5714,False,0.0,0.9141,0.6,email,email | name,name,2,1,False,automatic_match,Automatic match criteria satisfied,accepted_merge,Automatic criteria and cluster safeguards satisfied,True,PCL009449,PCL009449
DCL009516,DCL010737,3,1,B04,Email domain and local-part prefix,1,3,STG078198,SUPPORT,SUP004896,STG077963,SUPPORT,SUP004661,True,0.9545,True,1.0,True,0.9524,False,0.0,False,0.0,False,0.0,0.9691,0.75,email | phone,email | name | phone,name,3,1,False,automatic_match,Automatic match criteria satisfied,accepted_merge,Automatic criteria and cluster safeguards satisfied,True,PCL009472,PCL009472
DCL009643,DCL010301,1,1,B04,Email domain and local-part prefix,1,1,STG022407,MARKETING,MKT001105,STG030595,MARKETING,MKT009293,True,1.0,False,0.0,True,0.9524,False,0.0,True,0.6667,False,0.0,0.9286,0.6,email,email | name,name,2,1,False,automatic_match,Automatic match criteria satisfied,accepted_merge,Automatic criteria and cluster safeguards satisfied,True,PCL009593,PCL009593
DCL009920,DCL010198,1,1,B04,Email domain and local-part prefix,1,1,STG025843,MARKETING,MKT004541,STG029280,MARKETING,MKT007978,True,1.0,False,0.0,True,0.9,False,0.0,True,0.6667,False,0.0,0.9111,0.6,email,email | name,name,2,1,False,automatic_match,Automatic match criteria satisfied,accepted_merge,Automatic criteria and cluster safeguards satisfied,True,PCL009857,PCL009857
DCL010045,DCL010416,1,1,B04,Email domain and local-part prefix,1,1,STG027284,MARKETING,MKT005982,STG032241,MARKETING,MKT010939,True,1.0,False,0.0,True,0.9524,False,0.0,True,0.6,False,0.0,0.9175,0.6,email,email | name,name,2,1,False,automatic_match,Automatic match criteria satisfied,accepted_merge,Automatic criteria and cluster safeguards satisfied,True,PCL009977,PCL009977
