ground_truth_id,portal_user_id
GT009431,USR000001
GT009230,USR000002
GT009732,USR000003
GT002257,USR000004
GT008057,USR000005
GT006803,USR000006
GT004714,USR000007
GT000306,USR000008
GT008949,USR000009
GT005737,USR000010
GT003913,USR000011
GT005083,USR000012
GT003718,USR000013
GT002518,USR000014
GT008411,USR000015
GT008183,USR000016
GT006668,USR000017
GT009699,USR000018
GT002464,USR000019
GT009557,USR000020
GT007855,USR000021
GT003702,USR000022
GT004704,USR000023
GT004625,USR000024
GT000928,USR000025
GT004926,USR000026
GT002302,USR000027
GT000936,USR000028
GT000918,USR000029
GT002169,USR000030
GT001798,USR000031
GT005683,USR000032
GT009662,USR000033
GT004589,USR000034
GT006437,USR000035
GT001565,USR000036
GT006748,USR000037
GT000252,USR000038
GT000616,USR000039
GT009013,USR000040
GT002953,USR000041
GT005283,USR000042
GT004823,USR000043
GT009509,USR000044
GT003597,USR000045
GT008524,USR000046
GT009920,USR000047
GT008706,USR000048
GT005102,USR000049
GT005422,USR000050
GT000923,USR000051
GT008813,USR000052
GT000651,USR000053
GT003823,USR000054
GT001634,USR000055
GT001842,USR000056
GT005872,USR000057
GT007809,USR000058
GT003846,USR000059
GT004216,USR000060
GT009020,USR000061
GT003757,USR000062
GT005881,USR000063
GT004411,USR000064
GT003396,USR000065
GT000318,USR000066
GT001001,USR000067
GT002361,USR000068
GT009587,USR000069
GT003767,USR000070
GT006897,USR000071
GT003086,USR000072
GT006952,USR000073
GT000775,USR000074
GT006402,USR000075
GT004754,USR000076
GT002907,USR000077
GT000226,USR000078
GT009098,USR000079
GT004800,USR000080
GT005929,USR000081
GT008287,USR000082
GT005823,USR000083
GT002980,USR000084
GT002965,USR000085
GT003573,USR000086
GT007695,USR000087
GT008050,USR000088
GT001982,USR000089
GT001435,USR000090
GT009386,USR000091
GT003480,USR000092
GT003274,USR000093
GT008239,USR000094
GT002357,USR000095
GT001555,USR000096
GT008508,USR000097
GT002280,USR000098
GT004313,USR000099
GT007037,USR000100
GT009721,USR000101
GT008122,USR000102
GT003659,USR000103
GT000886,USR000104
GT000827,USR000105
GT002529,USR000106
GT006464,USR000107
GT002865,USR000108
GT006623,USR000109
GT005319,USR000110
GT009900,USR000111
GT009546,USR000112
GT003577,USR000113
GT001723,USR000114
GT006814,USR000115
GT009179,USR000116
GT002465,USR000117
GT009548,USR000118
GT009197,USR000119
GT005132,USR000120
GT005509,USR000121
GT003543,USR000122
GT009852,USR000123
GT005089,USR000124
GT008072,USR000125
GT001613,USR000126
GT005899,USR000127
GT009868,USR000128
GT002728,USR000129
GT007373,USR000130
GT007312,USR000131
GT008767,USR000132
GT009148,USR000133
GT000931,USR000134
GT000371,USR000135
GT005681,USR000136
GT006739,USR000137
GT009823,USR000138
GT006810,USR000139
GT003352,USR000140
GT005003,USR000141
GT000537,USR000142
GT004065,USR000143
GT005376,USR000144
GT007795,USR000145
GT001910,USR000146
GT002771,USR000147
GT002503,USR000148
GT000374,USR000149
GT009565,USR000150
GT003279,USR000151
GT008807,USR000152
GT000219,USR000153
GT001066,USR000154
GT000187,USR000155
GT000304,USR000156
GT000026,USR000157
GT007173,USR000158
GT009280,USR000159
GT007553,USR000160
GT007681,USR000161
GT005227,USR000162
GT000562,USR000163
GT001203,USR000164
GT003277,USR000165
GT001369,USR000166
GT000696,USR000167
GT000793,USR000168
GT007635,USR000169
GT003200,USR000170
GT006922,USR000171
GT006141,USR000172
GT002812,USR000173
GT003928,USR000174
GT002973,USR000175
GT007905,USR000176
GT002383,USR000177
GT004930,USR000178
GT000881,USR000179
GT003855,USR000180
GT008429,USR000181
GT006229,USR000182
GT005644,USR000183
GT000812,USR000184
GT003008,USR000185
GT004781,USR000186
GT007121,USR000187
GT004775,USR000188
GT000592,USR000189
GT000872,USR000190
GT003125,USR000191
GT009334,USR000192
GT007813,USR000193
GT002118,USR000194
GT009399,USR000195
GT005565,USR000196
GT004070,USR000197
GT001993,USR000198
GT008117,USR000199
GT000370,USR000200
GT004336,USR000201
GT000848,USR000202
GT003152,USR000203
GT009252,USR000204
GT003027,USR000205
GT009874,USR000206
GT001387,USR000207
GT007279,USR000208
GT000164,USR000209
GT001291,USR000210
GT004347,USR000211
GT004298,USR000212
GT002710,USR000213
GT007530,USR000214
GT001811,USR000215
GT000436,USR000216
GT008424,USR000217
GT005967,USR000218
GT007352,USR000219
GT005393,USR000220
GT000601,USR000221
GT007103,USR000222
GT008894,USR000223
GT002655,USR000224
GT009916,USR000225
GT001313,USR000226
GT008087,USR000227
GT002007,USR000228
GT002512,USR000229
GT001931,USR000230
GT000929,USR000231
GT007690,USR000232
GT005601,USR000233
GT000099,USR000234
GT005188,USR000235
GT002515,USR000236
GT008598,USR000237
GT008030,USR000238
GT003520,USR000239
GT004019,USR000240
GT000648,USR000241
GT004162,USR000242
GT006660,USR000243
GT005754,USR000244
GT009598,USR000245
GT003241,USR000246
GT007112,USR000247
GT006433,USR000248
GT003297,USR000249
GT009777,USR000250
GT009946,USR000251
GT006969,USR000252
GT008311,USR000253
GT005993,USR000254
GT009051,USR000255
GT005513,USR000256
GT005199,USR000257
GT001616,USR000258
GT003338,USR000259
GT001259,USR000260
GT007436,USR000261
GT007825,USR000262
GT006007,USR000263
GT008501,USR000264
GT001598,USR000265
GT002313,USR000266
GT005791,USR000267
GT004751,USR000268
GT009337,USR000269
GT003318,USR000270
GT000689,USR000271
GT001788,USR000272
GT004255,USR000273
GT006215,USR000274
GT009885,USR000275
GT006851,USR000276
GT001075,USR000277
GT005265,USR000278
GT006998,USR000279
GT004683,USR000280
GT001690,USR000281
GT003482,USR000282
GT000411,USR000283
GT008293,USR000284
GT009011,USR000285
GT007917,USR000286
GT003924,USR000287
GT003632,USR000288
GT004784,USR000289
GT001492,USR000290
GT002006,USR000291
GT009006,USR000292
GT000192,USR000293
GT005113,USR000294
GT000617,USR000295
GT002957,USR000296
GT008058,USR000297
GT001096,USR000298
GT000699,USR000299
GT001751,USR000300
GT006322,USR000301
GT004827,USR000302
GT002774,USR000303
GT001206,USR000304
GT009069,USR000305
GT007283,USR000306
GT006166,USR000307
GT008993,USR000308
GT000392,USR000309
GT002727,USR000310
GT001266,USR000311
GT009802,USR000312
GT001312,USR000313
GT004373,USR000314
GT006480,USR000315
GT002134,USR000316
GT008096,USR000317
GT001727,USR000318
GT005981,USR000319
GT005273,USR000320
GT002403,USR000321
GT001362,USR000322
GT000407,USR000323
GT008425,USR000324
GT009392,USR000325
GT009925,USR000326
GT005741,USR000327
GT001174,USR000328
GT006493,USR000329
GT006901,USR000330
GT001697,USR000331
GT005119,USR000332
GT009032,USR000333
GT000290,USR000334
GT002932,USR000335
GT006184,USR000336
GT009625,USR000337
GT008974,USR000338
GT003535,USR000339
GT002074,USR000340
GT007644,USR000341
GT005440,USR000342
GT009174,USR000343
GT003110,USR000344
GT009349,USR000345
GT001042,USR000346
GT007919,USR000347
GT004803,USR000348
GT001954,USR000349
GT000223,USR000350
GT005579,USR000351
GT009138,USR000352
GT002041,USR000353
GT006635,USR000354
GT002572,USR000355
GT005300,USR000356
GT001069,USR000357
GT004947,USR000358
GT007857,USR000359
GT004941,USR000360
GT003719,USR000361
GT005676,USR000362
GT005541,USR000363
GT005810,USR000364
GT003608,USR000365
GT004429,USR000366
GT003619,USR000367
GT000250,USR000368
GT000672,USR000369
GT004744,USR000370
GT001401,USR000371
GT006331,USR000372
GT009272,USR000373
GT008266,USR000374
GT003528,USR000375
GT007156,USR000376
GT007601,USR000377
GT008605,USR000378
GT006061,USR000379
GT002638,USR000380
GT007451,USR000381
GT006159,USR000382
GT006884,USR000383
GT008086,USR000384
GT002994,USR000385
GT004619,USR000386
GT007405,USR000387
GT008709,USR000388
GT004172,USR000389
GT003100,USR000390
GT005248,USR000391
GT002459,USR000392
GT002576,USR000393
GT006500,USR000394
GT008016,USR000395
GT006572,USR000396
GT000943,USR000397
GT001940,USR000398
GT004804,USR000399
GT000552,USR000400
GT000847,USR000401
GT005361,USR000402
GT001663,USR000403
GT007107,USR000404
GT004401,USR000405
GT008184,USR000406
GT003500,USR000407
GT002005,USR000408
GT009169,USR000409
GT008384,USR000410
GT002468,USR000411
GT007076,USR000412
GT001522,USR000413
GT005434,USR000414
GT005360,USR000415
GT008246,USR000416
GT009616,USR000417
GT007574,USR000418
GT002037,USR000419
GT003856,USR000420
GT001886,USR000421
GT008267,USR000422
GT001546,USR000423
GT004881,USR000424
GT005033,USR000425
GT008365,USR000426
GT000458,USR000427
GT001853,USR000428
GT009159,USR000429
GT007290,USR000430
GT003381,USR000431
GT006443,USR000432
GT008928,USR000433
GT000522,USR000434
GT008098,USR000435
GT000753,USR000436
GT000969,USR000437
GT001796,USR000438
GT007719,USR000439
GT006352,USR000440
GT008305,USR000441
GT001192,USR000442
GT005034,USR000443
GT004452,USR000444
GT007403,USR000445
GT000332,USR000446
GT004659,USR000447
GT000348,USR000448
GT003548,USR000449
GT004433,USR000450
GT004895,USR000451
GT006348,USR000452
GT001896,USR000453
GT003817,USR000454
GT006737,USR000455
GT006718,USR000456
GT002522,USR000457
GT002354,USR000458
GT003212,USR000459
GT001908,USR000460
GT005247,USR000461
GT009744,USR000462
GT009499,USR000463
GT003519,USR000464
GT009549,USR000465
GT008145,USR000466
GT007013,USR000467
GT007651,USR000468
GT009361,USR000469
GT006678,USR000470
GT002751,USR000471
GT008739,USR000472
GT002312,USR000473
GT007330,USR000474
GT002571,USR000475
GT001430,USR000476
GT001249,USR000477
GT006430,USR000478
GT009170,USR000479
GT007034,USR000480
GT007620,USR000481
GT006522,USR000482
GT004770,USR000483
GT003486,USR000484
GT000491,USR000485
GT001973,USR000486
GT006325,USR000487
GT009552,USR000488
GT000682,USR000489
GT002466,USR000490
GT008140,USR000491
GT002657,USR000492
GT004871,USR000493
GT009698,USR000494
GT002384,USR000495
GT001547,USR000496
GT003047,USR000497
GT008375,USR000498
GT001272,USR000499
GT000875,USR000500
GT005653,USR000501
GT007040,USR000502
GT008540,USR000503
GT007972,USR000504
GT001323,USR000505
GT003828,USR000506
GT000297,USR000507
GT002999,USR000508
GT008234,USR000509
GT004630,USR000510
GT002939,USR000511
GT008543,USR000512
GT002273,USR000513
GT009847,USR000514
GT002330,USR000515
GT008960,USR000516
GT000183,USR000517
GT008806,USR000518
GT005588,USR000519
GT008048,USR000520
GT004223,USR000521
GT000363,USR000522
GT003412,USR000523
GT002356,USR000524
GT001079,USR000525
GT007301,USR000526
GT002360,USR000527
GT005250,USR000528
GT006132,USR000529
GT004059,USR000530
GT002670,USR000531
GT005352,USR000532
GT006203,USR000533
GT000961,USR000534
GT006895,USR000535
GT005494,USR000536
GT008699,USR000537
GT003529,USR000538
GT007114,USR000539
GT002746,USR000540
GT008112,USR000541
GT008303,USR000542
GT007295,USR000543
GT006945,USR000544
GT006014,USR000545
GT009831,USR000546
GT002826,USR000547
GT004014,USR000548
GT002021,USR000549
GT000843,USR000550
GT008166,USR000551
GT006034,USR000552
GT004326,USR000553
GT009261,USR000554
GT009676,USR000555
GT003497,USR000556
GT005351,USR000557
GT003067,USR000558
GT002137,USR000559
GT003721,USR000560
GT007492,USR000561
GT000595,USR000562
GT006892,USR000563
GT004642,USR000564
GT000916,USR000565
GT001012,USR000566
GT002060,USR000567
GT003439,USR000568
GT008903,USR000569
GT000948,USR000570
GT001288,USR000571
GT008559,USR000572
GT004983,USR000573
GT001660,USR000574
GT001827,USR000575
GT008190,USR000576
GT008454,USR000577
GT008151,USR000578
GT004647,USR000579
GT003858,USR000580
GT003426,USR000581
GT001248,USR000582
GT008063,USR000583
GT003832,USR000584
GT004762,USR000585
GT005699,USR000586
GT007328,USR000587
GT002641,USR000588
GT009865,USR000589
GT009190,USR000590
GT009720,USR000591
GT009504,USR000592
GT001474,USR000593
GT000270,USR000594
GT008410,USR000595
GT001094,USR000596
GT002252,USR000597
GT003624,USR000598
GT000274,USR000599
GT003785,USR000600
GT000645,USR000601
GT009772,USR000602
GT004499,USR000603
GT005136,USR000604
GT009752,USR000605
GT005521,USR000606
GT007984,USR000607
GT007339,USR000608
GT004219,USR000609
GT001506,USR000610
GT009460,USR000611
GT002033,USR000612
GT005454,USR000613
GT006613,USR000614
GT005349,USR000615
GT007074,USR000616
GT001588,USR000617
GT000575,USR000618
GT006775,USR000619
GT009035,USR000620
GT009996,USR000621
GT002047,USR000622
GT005801,USR000623
GT007737,USR000624
GT001294,USR000625
GT001181,USR000626
GT005635,USR000627
GT003838,USR000628
GT007424,USR000629
GT005245,USR000630
GT001843,USR000631
GT000728,USR000632
GT004856,USR000633
GT009154,USR000634
GT002722,USR000635
GT003861,USR000636
GT006244,USR000637
GT001472,USR000638
GT003030,USR000639
GT003931,USR000640
GT003407,USR000641
GT003955,USR000642
GT004163,USR000643
GT006258,USR000644
GT002915,USR000645
GT005884,USR000646
GT008174,USR000647
GT000139,USR000648
GT008339,USR000649
GT009826,USR000650
GT000711,USR000651
GT008495,USR000652
GT000398,USR000653
GT006381,USR000654
GT001872,USR000655
GT000353,USR000656
GT009671,USR000657
GT009093,USR000658
GT004132,USR000659
GT003423,USR000660
GT007876,USR000661
GT000782,USR000662
GT000853,USR000663
GT007783,USR000664
GT005114,USR000665
GT004730,USR000666
GT001769,USR000667
GT007272,USR000668
GT005366,USR000669
GT003063,USR000670
GT000295,USR000671
GT003126,USR000672
GT009498,USR000673
GT007018,USR000674
GT003604,USR000675
GT006188,USR000676
GT005566,USR000677
GT000986,USR000678
GT001212,USR000679
GT004371,USR000680
GT000206,USR000681
GT003514,USR000682
GT004760,USR000683
GT001631,USR000684
GT004944,USR000685
GT007052,USR000686
GT003236,USR000687
GT004998,USR000688
GT000377,USR000689
GT001556,USR000690
GT000852,USR000691
GT000697,USR000692
GT003937,USR000693
GT000790,USR000694
GT002896,USR000695
GT001757,USR000696
GT002492,USR000697
GT005939,USR000698
GT005479,USR000699
GT005057,USR000700
GT009678,USR000701
GT000584,USR000702
GT009589,USR000703
GT000086,USR000704
GT007554,USR000705
GT006993,USR000706
GT008873,USR000707
GT008842,USR000708
GT007572,USR000709
GT007578,USR000710
GT008943,USR000711
GT002941,USR000712
GT005915,USR000713
GT002743,USR000714
GT000626,USR000715
GT007324,USR000716
GT005835,USR000717
GT001136,USR000718
GT004992,USR000719
GT002733,USR000720
GT007671,USR000721
GT008728,USR000722
GT002366,USR000723
GT008281,USR000724
GT008377,USR000725
GT004074,USR000726
GT006864,USR000727
GT007416,USR000728
GT005307,USR000729
GT002184,USR000730
GT002377,USR000731
GT003018,USR000732
GT007805,USR000733
GT009645,USR000734
GT004029,USR000735
GT004133,USR000736
GT004514,USR000737
GT002858,USR000738
GT008966,USR000739
GT004938,USR000740
GT002417,USR000741
GT008259,USR000742
GT006160,USR000743
GT008414,USR000744
GT002243,USR000745
GT005556,USR000746
GT000294,USR000747
GT006439,USR000748
GT007950,USR000749
GT006453,USR000750
GT009966,USR000751
GT007254,USR000752
GT003364,USR000753
GT009314,USR000754
GT004247,USR000755
GT004931,USR000756
GT007291,USR000757
GT003703,USR000758
GT006866,USR000759
GT005084,USR000760
GT001186,USR000761
GT005704,USR000762
GT008594,USR000763
GT006075,USR000764
GT006858,USR000765
GT001457,USR000766
GT007393,USR000767
GT001231,USR000768
GT003998,USR000769
GT003329,USR000770
GT008102,USR000771
GT000563,USR000772
GT004535,USR000773
GT005323,USR000774
GT006688,USR000775
GT006408,USR000776
GT003628,USR000777
GT000594,USR000778
GT004705,USR000779
GT003319,USR000780
GT009220,USR000781
GT006714,USR000782
GT004608,USR000783
GT004795,USR000784
GT008834,USR000785
GT005249,USR000786
GT005679,USR000787
GT008448,USR000788
GT005133,USR000789
GT002337,USR000790
GT000860,USR000791
GT008515,USR000792
GT002200,USR000793
GT009178,USR000794
GT000937,USR000795
GT003562,USR000796
GT001748,USR000797
GT007099,USR000798
GT001467,USR000799
GT009959,USR000800
GT008060,USR000801
GT008369,USR000802
GT001049,USR000803
GT008021,USR000804
GT000465,USR000805
GT004673,USR000806
GT006155,USR000807
GT008022,USR000808
GT008189,USR000809
GT001866,USR000810
GT009782,USR000811
GT009114,USR000812
GT001766,USR000813
GT003959,USR000814
GT005394,USR000815
GT006671,USR000816
GT003710,USR000817
GT001194,USR000818
GT009761,USR000819
GT005135,USR000820
GT005725,USR000821
GT006809,USR000822
GT003162,USR000823
GT007873,USR000824
GT008824,USR000825
GT008496,USR000826
GT009533,USR000827
GT008849,USR000828
GT005468,USR000829
GT008570,USR000830
GT008217,USR000831
GT008676,USR000832
GT002117,USR000833
GT000359,USR000834
GT006523,USR000835
GT004339,USR000836
GT004460,USR000837
GT004477,USR000838
GT001274,USR000839
GT002914,USR000840
GT005278,USR000841
GT008371,USR000842
GT001479,USR000843
GT009022,USR000844
GT007638,USR000845
GT007531,USR000846
GT005780,USR000847
GT006558,USR000848
GT004706,USR000849
GT009643,USR000850
GT009352,USR000851
GT005951,USR000852
GT001366,USR000853
GT006801,USR000854
GT007407,USR000855
GT004873,USR000856
GT002799,USR000857
GT007666,USR000858
GT006912,USR000859
GT006665,USR000860
GT009079,USR000861
GT004061,USR000862
GT001845,USR000863
GT002544,USR000864
GT008188,USR000865
GT008700,USR000866
GT008280,USR000867
GT004121,USR000868
GT001464,USR000869
GT002245,USR000870
GT003367,USR000871
GT006413,USR000872
GT003323,USR000873
GT001754,USR000874
GT002120,USR000875
GT000855,USR000876
GT002658,USR000877
GT008945,USR000878
GT003850,USR000879
GT002286,USR000880
GT004117,USR000881
GT001092,USR000882
GT002550,USR000883
GT008091,USR000884
GT006914,USR000885
GT001339,USR000886
GT005331,USR000887
GT008317,USR000888
GT006774,USR000889
GT000320,USR000890
GT003050,USR000891
GT006481,USR000892
GT007565,USR000893
GT004113,USR000894
GT006538,USR000895
GT001236,USR000896
GT007495,USR000897
GT001060,USR000898
GT005667,USR000899
GT000688,USR000900
GT001437,USR000901
GT001132,USR000902
GT008443,USR000903
GT009658,USR000904
GT008406,USR000905
GT004376,USR000906
GT006099,USR000907
GT008485,USR000908
GT002231,USR000909
GT004583,USR000910
GT001793,USR000911
GT002672,USR000912
GT007216,USR000913
GT008447,USR000914
GT009385,USR000915
GT000787,USR000916
GT007785,USR000917
GT004303,USR000918
GT001318,USR000919
GT005493,USR000920
GT007304,USR000921
GT003469,USR000922
GT007049,USR000923
GT006624,USR000924
GT002847,USR000925
GT007583,USR000926
GT009184,USR000927
GT002908,USR000928
GT000635,USR000929
GT008263,USR000930
GT002487,USR000931
GT002229,USR000932
GT006703,USR000933
GT008845,USR000934
GT001801,USR000935
GT002193,USR000936
GT001534,USR000937
GT007750,USR000938
GT006672,USR000939
GT002479,USR000940
GT000917,USR000941
GT004459,USR000942
GT001308,USR000943
GT006630,USR000944
GT003461,USR000945
GT003678,USR000946
GT005891,USR000947
GT001689,USR000948
GT003280,USR000949
GT003933,USR000950
GT003923,USR000951
GT003209,USR000952
GT004882,USR000953
GT003456,USR000954
GT000105,USR000955
GT000444,USR000956
GT009192,USR000957
GT003371,USR000958
GT005539,USR000959
GT006415,USR000960
GT002960,USR000961
GT007149,USR000962
GT007993,USR000963
GT007429,USR000964
GT006130,USR000965
GT000949,USR000966
GT005573,USR000967
GT005337,USR000968
GT005242,USR000969
GT005527,USR000970
GT004839,USR000971
GT002685,USR000972
GT004160,USR000973
GT009316,USR000974
GT002716,USR000975
GT002660,USR000976
GT005372,USR000977
GT007059,USR000978
GT009861,USR000979
GT006705,USR000980
GT000475,USR000981
GT009189,USR000982
GT004507,USR000983
GT006728,USR000984
GT001638,USR000985
GT003835,USR000986
GT001412,USR000987
GT007973,USR000988
GT001820,USR000989
GT005365,USR000990
GT006109,USR000991
GT003654,USR000992
GT000334,USR000993
GT004957,USR000994
GT003509,USR000995
GT002767,USR000996
GT001135,USR000997
GT000447,USR000998
GT000406,USR000999
GT004098,USR001000
GT001063,USR001001
GT008395,USR001002
GT003373,USR001003
GT006071,USR001004
GT005052,USR001005
GT003349,USR001006
GT000345,USR001007
GT004007,USR001008
GT006323,USR001009
GT009507,USR001010
GT001677,USR001011
GT003754,USR001012
GT009340,USR001013
GT004368,USR001014
GT004479,USR001015
GT000210,USR001016
GT009610,USR001017
GT006404,USR001018
GT009566,USR001019
GT003375,USR001020
GT007631,USR001021
GT004636,USR001022
GT003034,USR001023
GT004126,USR001024
GT009960,USR001025
GT009696,USR001026
GT005862,USR001027
GT000804,USR001028
GT009892,USR001029
GT007563,USR001030
GT007654,USR001031
GT006896,USR001032
GT002682,USR001033
GT002509,USR001034
GT009409,USR001035
GT006696,USR001036
GT008814,USR001037
GT008332,USR001038
GT006816,USR001039
GT008563,USR001040
GT002274,USR001041
GT004340,USR001042
GT008667,USR001043
GT003360,USR001044
GT004593,USR001045
GT004903,USR001046
GT004671,USR001047
GT001031,USR001048
GT007602,USR001049
GT001417,USR001050
GT006570,USR001051
GT009793,USR001052
GT007746,USR001053
GT001519,USR001054
GT008211,USR001055
GT000973,USR001056
GT003229,USR001057
GT006015,USR001058
GT004543,USR001059
GT002489,USR001060
GT002921,USR001061
GT003165,USR001062
GT000673,USR001063
GT006425,USR001064
GT001254,USR001065
GT004551,USR001066
GT009336,USR001067
GT006431,USR001068
GT000822,USR001069
GT004607,USR001070
GT008867,USR001071
GT003313,USR001072
GT004852,USR001073
GT008141,USR001074
GT009290,USR001075
GT004068,USR001076
GT000305,USR001077
GT007546,USR001078
GT004136,USR001079
GT008871,USR001080
GT004466,USR001081
GT001967,USR001082
GT000055,USR001083
GT002153,USR001084
GT002199,USR001085
GT002948,USR001086
GT005955,USR001087
GT002439,USR001088
GT009400,USR001089
GT007600,USR001090
GT005605,USR001091
GT008337,USR001092
GT002050,USR001093
GT005082,USR001094
GT007717,USR001095
GT000926,USR001096
GT005336,USR001097
GT002796,USR001098
GT001736,USR001099
GT003175,USR001100
GT005180,USR001101
GT006757,USR001102
GT006692,USR001103
GT003159,USR001104
GT003833,USR001105
GT005624,USR001106
GT002188,USR001107
GT008068,USR001108
GT001505,USR001109
GT004697,USR001110
GT009422,USR001111
GT008065,USR001112
GT006376,USR001113
GT002916,USR001114
GT009300,USR001115
GT009457,USR001116
GT003869,USR001117
GT009364,USR001118
GT007692,USR001119
GT006016,USR001120
GT002170,USR001121
GT008147,USR001122
GT000805,USR001123
GT003558,USR001124
GT006730,USR001125
GT001011,USR001126
GT007465,USR001127
GT002978,USR001128
GT009906,USR001129
GT009389,USR001130
GT004135,USR001131
GT007653,USR001132
GT000542,USR001133
GT004268,USR001134
GT008073,USR001135
GT006064,USR001136
GT002817,USR001137
GT008241,USR001138
GT001756,USR001139
GT006639,USR001140
GT006334,USR001141
GT007915,USR001142
GT004457,USR001143
GT006470,USR001144
GT008678,USR001145
GT009719,USR001146
GT009788,USR001147
GT009570,USR001148
GT000151,USR001149
GT006112,USR001150
GT009357,USR001151
GT000217,USR001152
GT000814,USR001153
GT003408,USR001154
GT006423,USR001155
GT009466,USR001156
GT007822,USR001157
GT005850,USR001158
GT009071,USR001159
GT004418,USR001160
GT000718,USR001161
GT006752,USR001162
GT009987,USR001163
GT002094,USR001164
GT002420,USR001165
GT000684,USR001166
GT009690,USR001167
GT007794,USR001168
GT008036,USR001169
GT002860,USR001170
GT005540,USR001171
GT001936,USR001172
GT001791,USR001173
GT009483,USR001174
GT007157,USR001175
GT000157,USR001176
GT009241,USR001177
GT004832,USR001178
GT003843,USR001179
GT002121,USR001180
GT005806,USR001181
GT000663,USR001182
GT000009,USR001183
GT005633,USR001184
GT006583,USR001185
GT002597,USR001186
GT006959,USR001187
GT000245,USR001188
GT009555,USR001189
GT002381,USR001190
GT000162,USR001191
GT007747,USR001192
GT008165,USR001193
GT007526,USR001194
GT006869,USR001195
GT000795,USR001196
GT007955,USR001197
GT004087,USR001198
GT002952,USR001199
GT007994,USR001200
GT009642,USR001201
GT009929,USR001202
GT007057,USR001203
GT003271,USR001204
GT006837,USR001205
GT005330,USR001206
GT009003,USR001207
GT004229,USR001208
GT009109,USR001209
GT003871,USR001210
GT004581,USR001211
GT003160,USR001212
GT009303,USR001213
GT002573,USR001214
GT003191,USR001215
GT004752,USR001216
GT000489,USR001217
GT006873,USR001218
GT001581,USR001219
GT007282,USR001220
GT008769,USR001221
GT009734,USR001222
GT006410,USR001223
GT006114,USR001224
GT005809,USR001225
GT004317,USR001226
GT000416,USR001227
GT000181,USR001228
GT000577,USR001229
GT002991,USR001230
GT006857,USR001231
GT001768,USR001232
GT006466,USR001233
GT000253,USR001234
GT002449,USR001235
GT008104,USR001236
GT004552,USR001237
GT009843,USR001238
GT000486,USR001239
GT005032,USR001240
GT006685,USR001241
GT004088,USR001242
GT006260,USR001243
GT001848,USR001244
GT006269,USR001245
GT007889,USR001246
GT000898,USR001247
GT008925,USR001248
GT009657,USR001249
GT006745,USR001250
GT005232,USR001251
GT002835,USR001252
GT001349,USR001253
GT001255,USR001254
GT004427,USR001255
GT007507,USR001256
GT006836,USR001257
GT009806,USR001258
GT005558,USR001259
GT000607,USR001260
GT007496,USR001261
GT005096,USR001262
GT000938,USR001263
GT001242,USR001264
GT003252,USR001265
GT004400,USR001266
GT005581,USR001267
GT009858,USR001268
GT009226,USR001269
GT008486,USR001270
GT001168,USR001271
GT006359,USR001272
GT008787,USR001273
GT000403,USR001274
GT000615,USR001275
GT001564,USR001276
GT005306,USR001277
GT003487,USR001278
GT006777,USR001279
GT005146,USR001280
GT006918,USR001281
GT003119,USR001282
GT007625,USR001283
GT009004,USR001284
GT009824,USR001285
GT002648,USR001286
GT009597,USR001287
GT006796,USR001288
GT000655,USR001289
GT009970,USR001290
GT007559,USR001291
GT008671,USR001292
GT005572,USR001293
GT006420,USR001294
GT002093,USR001295
GT005382,USR001296
GT000288,USR001297
GT007642,USR001298
GT000714,USR001299
GT005240,USR001300
GT004707,USR001301
GT009505,USR001302
GT006365,USR001303
GT009545,USR001304
GT005934,USR001305
GT003043,USR001306
GT008178,USR001307
GT005260,USR001308
GT002097,USR001309
GT004463,USR001310
GT005548,USR001311
GT003244,USR001312
GT009691,USR001313
GT000913,USR001314
GT007967,USR001315
GT004469,USR001316
GT005636,USR001317
GT002111,USR001318
GT009023,USR001319
GT009519,USR001320
GT004293,USR001321
GT005234,USR001322
GT009087,USR001323
GT006483,USR001324
GT008626,USR001325
GT007032,USR001326
GT007835,USR001327
GT000174,USR001328
GT002133,USR001329
GT000481,USR001330
GT008872,USR001331
GT001938,USR001332
GT009413,USR001333
GT000130,USR001334
GT001158,USR001335
GT002398,USR001336
GT005807,USR001337
GT008013,USR001338
GT002460,USR001339
GT004076,USR001340
GT001865,USR001341
GT001831,USR001342
GT001531,USR001343
GT007387,USR001344
GT001101,USR001345
GT004361,USR001346
GT007260,USR001347
GT000132,USR001348
GT000005,USR001349
GT001595,USR001350
GT005140,USR001351
GT008752,USR001352
GT002208,USR001353
GT002335,USR001354
GT008597,USR001355
GT009700,USR001356
GT009771,USR001357
GT005466,USR001358
GT004030,USR001359
GT001082,USR001360
GT004863,USR001361
GT001836,USR001362
GT003682,USR001363
GT001156,USR001364
GT003979,USR001365
GT008817,USR001366
GT000619,USR001367
GT005614,USR001368
GT009329,USR001369
GT000730,USR001370
GT008742,USR001371
GT000988,USR001372
GT001674,USR001373
GT000352,USR001374
GT009898,USR001375
GT004297,USR001376
GT001996,USR001377
GT005515,USR001378
GT008600,USR001379
GT008307,USR001380
GT007951,USR001381
GT006929,USR001382
GT002176,USR001383
GT005734,USR001384
GT005134,USR001385
GT003813,USR001386
GT002993,USR001387
GT007198,USR001388
GT006738,USR001389
GT000358,USR001390
GT003149,USR001391
GT004667,USR001392
GT005517,USR001393
GT009383,USR001394
GT006084,USR001395
GT006861,USR001396
GT009933,USR001397
GT009470,USR001398
GT000516,USR001399
GT006442,USR001400
GT009936,USR001401
GT005193,USR001402
GT004861,USR001403
GT009218,USR001404
GT009370,USR001405
GT001628,USR001406
GT002181,USR001407
GT009263,USR001408
GT006185,USR001409
GT002205,USR001410
GT005480,USR001411
GT005664,USR001412
GT008318,USR001413
GT007929,USR001414
GT006043,USR001415
GT001130,USR001416
GT008480,USR001417
GT003638,USR001418
GT000296,USR001419
GT000203,USR001420
GT006518,USR001421
GT006876,USR001422
GT007983,USR001423
GT002185,USR001424
GT008378,USR001425
GT009315,USR001426
GT003317,USR001427
GT001345,USR001428
GT003498,USR001429
GT001456,USR001430
GT005170,USR001431
GT000227,USR001432
GT002882,USR001433
GT007914,USR001434
GT003571,USR001435
GT009491,USR001436
GT003752,USR001437
GT001051,USR001438
GT005309,USR001439
GT005678,USR001440
GT002536,USR001441
GT007682,USR001442
GT001240,USR001443
GT002052,USR001444
GT008020,USR001445
GT000738,USR001446
GT001525,USR001447
GT005369,USR001448
GT003386,USR001449
GT001569,USR001450
GT007697,USR001451
GT000391,USR001452
GT004582,USR001453
GT000831,USR001454
GT002281,USR001455
GT007217,USR001456
GT007826,USR001457
GT002593,USR001458
GT009514,USR001459
GT008070,USR001460
GT008859,USR001461
GT009905,USR001462
GT004349,USR001463
GT003044,USR001464
GT005262,USR001465
GT000070,USR001466
GT007959,USR001467
GT002496,USR001468
GT006245,USR001469
GT007321,USR001470
GT006521,USR001471
GT008279,USR001472
GT008610,USR001473
GT005008,USR001474
GT002178,USR001475
GT001121,USR001476
GT007493,USR001477
GT009408,USR001478
GT007946,USR001479
GT009139,USR001480
GT000968,USR001481
GT005820,USR001482
GT004412,USR001483
GT007773,USR001484
GT007082,USR001485
GT000821,USR001486
GT008743,USR001487
GT007673,USR001488
GT002106,USR001489
GT009417,USR001490
GT007718,USR001491
GT006017,USR001492
GT006183,USR001493
GT002102,USR001494
GT005759,USR001495
GT004720,USR001496
GT001888,USR001497
GT003666,USR001498
GT009404,USR001499
GT009819,USR001500
GT000108,USR001501
GT000873,USR001502
GT005914,USR001503
GT006767,USR001504
GT006740,USR001505
GT002987,USR001506
GT003750,USR001507
GT007192,USR001508
GT001623,USR001509
GT003481,USR001510
GT007042,USR001511
GT005691,USR001512
GT007803,USR001513
GT006337,USR001514
GT001813,USR001515
GT004341,USR001516
GT004275,USR001517
GT009670,USR001518
GT003099,USR001519
GT009289,USR001520
GT005402,USR001521
GT008766,USR001522
GT004130,USR001523
GT009922,USR001524
GT001002,USR001525
GT004249,USR001526
GT009129,USR001527
GT009182,USR001528
GT004201,USR001529
GT001188,USR001530
GT005238,USR001531
GT004105,USR001532
GT003093,USR001533
GT003507,USR001534
GT007940,USR001535
GT000737,USR001536
GT009800,USR001537
GT003687,USR001538
GT008782,USR001539
GT008121,USR001540
GT002687,USR001541
GT008474,USR001542
GT002866,USR001543
GT007399,USR001544
GT005630,USR001545
GT008207,USR001546
GT005511,USR001547
GT006989,USR001548
GT004643,USR001549
GT005492,USR001550
GT006173,USR001551
GT008795,USR001552
GT007775,USR001553
GT002300,USR001554
GT009323,USR001555
GT006268,USR001556
GT009666,USR001557
GT002649,USR001558
GT005583,USR001559
GT003515,USR001560
GT003726,USR001561
GT002099,USR001562
GT001987,USR001563
GT001277,USR001564
GT005411,USR001565
GT003782,USR001566
GT000579,USR001567
GT009414,USR001568
GT000047,USR001569
GT002348,USR001570
GT002870,USR001571
GT001129,USR001572
GT004531,USR001573
GT009060,USR001574
GT003778,USR001575
GT004294,USR001576
GT009116,USR001577
GT003011,USR001578
GT009909,USR001579
GT003808,USR001580
GT002946,USR001581
GT008652,USR001582
GT008262,USR001583
GT006086,USR001584
GT007541,USR001585
GT008304,USR001586
GT009308,USR001587
GT008379,USR001588
GT005609,USR001589
GT002964,USR001590
GT005577,USR001591
GT004517,USR001592
GT004483,USR001593
GT000373,USR001594
GT001127,USR001595
GT007663,USR001596
GT006108,USR001597
GT003550,USR001598
GT001849,USR001599
GT000021,USR001600
GT004442,USR001601
GT006161,USR001602
GT000213,USR001603
GT004287,USR001604
GT004148,USR001605
GT001056,USR001606
GT001359,USR001607
GT004286,USR001608
GT009102,USR001609
GT007623,USR001610
GT008470,USR001611
GT006209,USR001612
GT004601,USR001613
GT008176,USR001614
GT003019,USR001615
GT001574,USR001616
GT002320,USR001617
GT007672,USR001618
GT005942,USR001619
GT009540,USR001620
GT008001,USR001621
GT009827,USR001622
GT001385,USR001623
GT003890,USR001624
GT008031,USR001625
GT002992,USR001626
GT000441,USR001627
GT001095,USR001628
GT003787,USR001629
GT006143,USR001630
GT003134,USR001631
GT007440,USR001632
GT004577,USR001633
GT006899,USR001634
GT008167,USR001635
GT005604,USR001636
GT007471,USR001637
GT003596,USR001638
GT004980,USR001639
GT007233,USR001640
GT009231,USR001641
GT000378,USR001642
GT009613,USR001643
GT005467,USR001644
GT001684,USR001645
GT002622,USR001646
GT009307,USR001647
GT007584,USR001648
GT000845,USR001649
GT002020,USR001650
GT007350,USR001651
GT002225,USR001652
GT004475,USR001653
GT003147,USR001654
GT001116,USR001655
GT009338,USR001656
GT005483,USR001657
GT009638,USR001658
GT002725,USR001659
GT009949,USR001660
GT002704,USR001661
GT000774,USR001662
GT005514,USR001663
GT003437,USR001664
GT009817,USR001665
GT009214,USR001666
GT009726,USR001667
GT004806,USR001668
GT008077,USR001669
GT002539,USR001670
GT002969,USR001671
GT005553,USR001672
GT006047,USR001673
GT000534,USR001674
GT006644,USR001675
GT009764,USR001676
GT009809,USR001677
GT003657,USR001678
GT001054,USR001679
GT000911,USR001680
GT002832,USR001681
GT006898,USR001682
GT004001,USR001683
GT001070,USR001684
GT007827,USR001685
GT003503,USR001686
GT007981,USR001687
GT001184,USR001688
GT009962,USR001689
GT009811,USR001690
GT002540,USR001691
GT002132,USR001692
GT001141,USR001693
GT006591,USR001694
GT004282,USR001695
GT008744,USR001696
GT009195,USR001697
GT003387,USR001698
GT005716,USR001699
GT008093,USR001700
GT007615,USR001701
GT007617,USR001702
GT006319,USR001703
GT003368,USR001704
GT002019,USR001705
GT003880,USR001706
GT000298,USR001707
GT000480,USR001708
GT001841,USR001709
GT002760,USR001710
GT008014,USR001711
GT005721,USR001712
GT006259,USR001713
GT009265,USR001714
GT000665,USR001715
GT005883,USR001716
GT004616,USR001717
GT006288,USR001718
GT004179,USR001719
GT001019,USR001720
GT001229,USR001721
GT000726,USR001722
GT008987,USR001723
GT008962,USR001724
GT003664,USR001725
GT006700,USR001726
GT006606,USR001727
GT001926,USR001728
GT008525,USR001729
GT007588,USR001730
GT004674,USR001731
GT000876,USR001732
GT005070,USR001733
GT008946,USR001734
GT009986,USR001735
GT009512,USR001736
GT009074,USR001737
GT005543,USR001738
GT004717,USR001739
GT005508,USR001740
GT004604,USR001741
GT002323,USR001742
GT000467,USR001743
GT004715,USR001744
GT003049,USR001745
GT005756,USR001746
GT008193,USR001747
GT005445,USR001748
GT004561,USR001749
GT006445,USR001750
GT008812,USR001751
GT004205,USR001752
GT004964,USR001753
GT004653,USR001754
GT008374,USR001755
GT007089,USR001756
GT001102,USR001757
GT007085,USR001758
GT003784,USR001759
GT007007,USR001760
GT003724,USR001761
GT006406,USR001762
GT009097,USR001763
GT006607,USR001764
GT004936,USR001765
GT005212,USR001766
GT001122,USR001767
GT003464,USR001768
GT002080,USR001769
GT008822,USR001770
GT005081,USR001771
GT005649,USR001772
GT008182,USR001773
GT000692,USR001774
GT000390,USR001775
GT006584,USR001776
GT008322,USR001777
GT004063,USR001778
GT001014,USR001779
GT005986,USR001780
GT001665,USR001781
GT007368,USR001782
GT000153,USR001783
GT003106,USR001784
GT001388,USR001785
GT007224,USR001786
GT007581,USR001787
GT000473,USR001788
GT006916,USR001789
GT008000,USR001790
GT004224,USR001791
GT005585,USR001792
GT006575,USR001793
GT006699,USR001794
GT007840,USR001795
GT004237,USR001796
GT005591,USR001797
GT000433,USR001798
GT000693,USR001799
GT004956,USR001800
GT003656,USR001801
GT002553,USR001802
GT004722,USR001803
GT006154,USR001804
GT008719,USR001805
GT000077,USR001806
GT009934,USR001807
GT008002,USR001808
GT008937,USR001809
GT002607,USR001810
GT009446,USR001811
GT007240,USR001812
GT003848,USR001813
GT003771,USR001814
GT003773,USR001815
GT006527,USR001816
GT001235,USR001817
GT002239,USR001818
GT005913,USR001819
GT006839,USR001820
GT004981,USR001821
GT009424,USR001822
GT005792,USR001823
GT004167,USR001824
GT009682,USR001825
GT002414,USR001826
GT009573,USR001827
GT003803,USR001828
GT007738,USR001829
GT003987,USR001830
GT000659,USR001831
GT001391,USR001832
GT007438,USR001833
GT009887,USR001834
GT000117,USR001835
GT007870,USR001836
GT008648,USR001837
GT004662,USR001838
GT004099,USR001839
GT005673,USR001840
GT005127,USR001841
GT001219,USR001842
GT005029,USR001843
GT004067,USR001844
GT008566,USR001845
GT002626,USR001846
GT005157,USR001847
GT004271,USR001848
GT009235,USR001849
GT003670,USR001850
GT003429,USR001851
GT003663,USR001852
GT000107,USR001853
GT004456,USR001854
GT007182,USR001855
GT003875,USR001856
GT002917,USR001857
GT007464,USR001858
GT007866,USR001859
GT001963,USR001860
GT003896,USR001861
GT004798,USR001862
GT000067,USR001863
GT009964,USR001864
GT001972,USR001865
GT006447,USR001866
GT005686,USR001867
GT003818,USR001868
GT002678,USR001869
GT006504,USR001870
GT009065,USR001871
GT000819,USR001872
GT008312,USR001873
GT006022,USR001874
GT007727,USR001875
GT004330,USR001876
GT005783,USR001877
GT007879,USR001878
GT006906,USR001879
GT002612,USR001880
GT005787,USR001881
GT007251,USR001882
GT008956,USR001883
GT006978,USR001884
GT008920,USR001885
GT004312,USR001886
GT001916,USR001887
GT003247,USR001888
GT008942,USR001889
GT002679,USR001890
GT000515,USR001891
GT000652,USR001892
GT008142,USR001893
GT002545,USR001894
GT009840,USR001895
GT007802,USR001896
GT005220,USR001897
GT003207,USR001898
GT002285,USR001899
GT005192,USR001900
GT001003,USR001901
GT007116,USR001902
GT007209,USR001903
GT002409,USR001904
GT000230,USR001905
GT003522,USR001906
GT004888,USR001907
GT006344,USR001908
GT002292,USR001909
GT002358,USR001910
GT002004,USR001911
GT002322,USR001912
GT004776,USR001913
GT004684,USR001914
GT004914,USR001915
GT005789,USR001916
GT005023,USR001917
GT000173,USR001918
GT005315,USR001919
GT006324,USR001920
GT006835,USR001921
GT003449,USR001922
GT005970,USR001923
GT002258,USR001924
GT007447,USR001925
GT008746,USR001926
GT007481,USR001927
GT002485,USR001928
GT003879,USR001929
GT004810,USR001930
GT002210,USR001931
GT009558,USR001932
GT009833,USR001933
GT003974,USR001934
GT008934,USR001935
GT002128,USR001936
GT000134,USR001937
GT008861,USR001938
GT004573,USR001939
GT006371,USR001940
GT000190,USR001941
GT003452,USR001942
GT006961,USR001943
GT001579,USR001944
GT000558,USR001945
GT000896,USR001946
GT009511,USR001947
GT000525,USR001948
GT007274,USR001949
GT007833,USR001950
GT002422,USR001951
GT001126,USR001952
GT006968,USR001953
GT006182,USR001954
GT008863,USR001955
GT007123,USR001956
GT009207,USR001957
GT001104,USR001958
GT008588,USR001959
GT009968,USR001960
GT003549,USR001961
GT004875,USR001962
GT001762,USR001963
GT009846,USR001964
GT000020,USR001965
GT007777,USR001966
GT007529,USR001967
GT005503,USR001968
GT000476,USR001969
GT008890,USR001970
GT003107,USR001971
GT005958,USR001972
GT008503,USR001973
GT009913,USR001974
GT007587,USR001975
GT001404,USR001976
GT005074,USR001977
GT001732,USR001978
GT009398,USR001979
GT007480,USR001980
GT005327,USR001981
GT002454,USR001982
GT003756,USR001983
GT003089,USR001984
GT008840,USR001985
GT005304,USR001986
GT001738,USR001987
GT004141,USR001988
GT004006,USR001989
GT004664,USR001990
GT003417,USR001991
GT007001,USR001992
GT003225,USR001993
GT006813,USR001994
GT001222,USR001995
GT009510,USR001996
GT005925,USR001997
GT007497,USR001998
GT001367,USR001999
GT005378,USR002000
GT002472,USR002001
GT007374,USR002002
GT004997,USR002003
GT008732,USR002004
GT005827,USR002005
GT009712,USR002006
GT001200,USR002007
GT002867,USR002008
GT008958,USR002009
GT002365,USR002010
GT002058,USR002011
GT004528,USR002012
GT008128,USR002013
GT000291,USR002014
GT000188,USR002015
GT002794,USR002016
GT009688,USR002017
GT004985,USR002018
GT009441,USR002019
GT000650,USR002020
GT004269,USR002021
GT006552,USR002022
GT002029,USR002023
GT001191,USR002024
GT000800,USR002025
GT007210,USR002026
GT005446,USR002027
GT007852,USR002028
GT002162,USR002029
GT009234,USR002030
GT002966,USR002031
GT001133,USR002032
GT003984,USR002033
GT004263,USR002034
GT007221,USR002035
GT006239,USR002036
GT009464,USR002037
GT001262,USR002038
GT004256,USR002039
GT008274,USR002040
GT009542,USR002041
GT009390,USR002042
GT002321,USR002043
GT000087,USR002044
GT001673,USR002045
GT007413,USR002046
GT001906,USR002047
GT002859,USR002048
GT009636,USR002049
GT002513,USR002050
GT007097,USR002051
GT009769,USR002052
GT009534,USR002053
GT009143,USR002054
GT004741,USR002055
GT009482,USR002056
GT006128,USR002057
GT006859,USR002058
GT009848,USR002059
GT000791,USR002060
GT001416,USR002061
GT006098,USR002062
GT000246,USR002063
GT006314,USR002064
GT006820,USR002065
GT003731,USR002066
GT001694,USR002067
GT005404,USR002068
GT000144,USR002069
GT007736,USR002070
GT000056,USR002071
GT008325,USR002072
GT006351,USR002073
GT001770,USR002074
GT008074,USR002075
GT003651,USR002076
GT009276,USR002077
GT001209,USR002078
GT006562,USR002079
GT003004,USR002080
GT008620,USR002081
GT007101,USR002082
GT004748,USR002083
GT002802,USR002084
GT004058,USR002085
GT003976,USR002086
GT007664,USR002087
GT003328,USR002088
GT008521,USR002089
GT004378,USR002090
GT000908,USR002091
GT001307,USR002092
GT009320,USR002093
GT003945,USR002094
GT006497,USR002095
GT004649,USR002096
GT004979,USR002097
GT004308,USR002098
GT003746,USR002099
GT003965,USR002100
GT007066,USR002101
GT002194,USR002102
GT003916,USR002103
GT002393,USR002104
GT006605,USR002105
GT003800,USR002106
GT008368,USR002107
GT006822,USR002108
GT009609,USR002109
GT003983,USR002110
GT000701,USR002111
GT003775,USR002112
GT008685,USR002113
GT002836,USR002114
GT007807,USR002115
GT006002,USR002116
GT007605,USR002117
GT006285,USR002118
GT009469,USR002119
GT003263,USR002120
GT009948,USR002121
GT006332,USR002122
GT003977,USR002123
GT004495,USR002124
GT008461,USR002125
GT007566,USR002126
GT004485,USR002127
GT002255,USR002128
GT004191,USR002129
GT000148,USR002130
GT005400,USR002131
GT004533,USR002132
GT000731,USR002133
GT008702,USR002134
GT009034,USR002135
GT002555,USR002136
GT005001,USR002137
GT001303,USR002138
GT002275,USR002139
GT005586,USR002140
GT002830,USR002141
GT004782,USR002142
GT005597,USR002143
GT007391,USR002144
GT007388,USR002145
GT000505,USR002146
GT002242,USR002147
GT008535,USR002148
GT001286,USR002149
GT001499,USR002150
GT004175,USR002151
GT005902,USR002152
GT004285,USR002153
GT000514,USR002154
GT003512,USR002155
GT009150,USR002156
GT007046,USR002157
GT001567,USR002158
GT007075,USR002159
GT009472,USR002160
GT007332,USR002161
GT004578,USR002162
GT002721,USR002163
GT008967,USR002164
GT000204,USR002165
GT005497,USR002166
GT009601,USR002167
GT005580,USR002168
GT003190,USR002169
GT000114,USR002170
GT008705,USR002171
GT001376,USR002172
GT005314,USR002173
GT007797,USR002174
GT001357,USR002175
GT009160,USR002176
GT002668,USR002177
GT007810,USR002178
GT001036,USR002179
GT007921,USR002180
GT009142,USR002181
GT006853,USR002182
GT007789,USR002183
GT008324,USR002184
GT001420,USR002185
GT002938,USR002186
GT002326,USR002187
GT003580,USR002188
GT008398,USR002189
GT007000,USR002190
GT001384,USR002191
GT004539,USR002192
GT009452,USR002193
GT002186,USR002194
GT008238,USR002195
GT007427,USR002196
GT002535,USR002197
GT007949,USR002198
GT007762,USR002199
GT006056,USR002200
GT006177,USR002201
GT000214,USR002202
GT000369,USR002203
GT002533,USR002204
GT001511,USR002205
GT004382,USR002206
GT000182,USR002207
GT003270,USR002208
GT007791,USR002209
GT006580,USR002210
GT003623,USR002211
GT002328,USR002212
GT000140,USR002213
GT009368,USR002214
GT005025,USR002215
GT003964,USR002216
GT005041,USR002217
GT004011,USR002218
GT007627,USR002219
GT004558,USR002220
GT001033,USR002221
GT000401,USR002222
GT008078,USR002223
GT000084,USR002224
GT003354,USR002225
GT002359,USR002226
GT007706,USR002227
GT001000,USR002228
GT005208,USR002229
GT004905,USR002230
GT006256,USR002231
GT006199,USR002232
GT005828,USR002233
GT005889,USR002234
GT004802,USR002235
GT009141,USR002236
GT008918,USR002237
GT002222,USR002238
GT007594,USR002239
GT001602,USR002240
GT007629,USR002241
GT000769,USR002242
GT009972,USR002243
GT006251,USR002244
GT009494,USR002245
GT003722,USR002246
GT002014,USR002247
GT007883,USR002248
GT002787,USR002249
GT007820,USR002250
GT002478,USR002251
GT000229,USR002252
GT009773,USR002253
GT001902,USR002254
GT003563,USR002255
GT008554,USR002256
GT003598,USR002257
GT006786,USR002258
GT001071,USR002259
GT000143,USR002260
GT004281,USR002261
GT002788,USR002262
GT001775,USR002263
GT001041,USR002264
GT002144,USR002265
GT007191,USR002266
GT007990,USR002267
GT004038,USR002268
GT002868,USR002269
GT009382,USR002270
GT000238,USR002271
GT008080,USR002272
GT003153,USR002273
GT008345,USR002274
GT007875,USR002275
GT008557,USR002276
GT000200,USR002277
GT006103,USR002278
GT001540,USR002279
GT001241,USR002280
GT006289,USR002281
GT009211,USR002282
GT000971,USR002283
GT001016,USR002284
GT006192,USR002285
GT007916,USR002286
GT007377,USR002287
GT002508,USR002288
GT001337,USR002289
GT001263,USR002290
GT005892,USR002291
GT003221,USR002292
GT001946,USR002293
GT001086,USR002294
GT005785,USR002295
GT008110,USR002296
GT007838,USR002297
GT008175,USR002298
GT009708,USR002299
GT004470,USR002300
GT007238,USR002301
GT009979,USR002302
GT003684,USR002303
GT009935,USR002304
GT009064,USR002305
GT006432,USR002306
GT006942,USR002307
GT002753,USR002308
GT006148,USR002309
GT003010,USR002310
GT008710,USR002311
GT007003,USR002312
GT003769,USR002313
GT007053,USR002314
GT000724,USR002315
GT001773,USR002316
GT000197,USR002317
GT006202,USR002318
GT001639,USR002319
GT007200,USR002320
GT003525,USR002321
GT005818,USR002322
GT005974,USR002323
GT003845,USR002324
GT008604,USR002325
GT003686,USR002326
GT008225,USR002327
GT007772,USR002328
GT004222,USR002329
GT000750,USR002330
GT008664,USR002331
GT002289,USR002332
GT005842,USR002333
GT008996,USR002334
GT001329,USR002335
GT001173,USR002336
GT003532,USR002337
GT007636,USR002338
GT001763,USR002339
GT000719,USR002340
GT002554,USR002341
GT008599,USR002342
GT003223,USR002343
GT002267,USR002344
GT006135,USR002345
GT007351,USR002346
GT006121,USR002347
GT000759,USR002348
GT008367,USR002349
GT008876,USR002350
GT004622,USR002351
GT009526,USR002352
GT002924,USR002353
GT003226,USR002354
GT004060,USR002355
GT004638,USR002356
GT007305,USR002357
GT002902,USR002358
GT004042,USR002359
GT001153,USR002360
GT002203,USR002361
GT009577,USR002362
GT003390,USR002363
GT007901,USR002364
GT000836,USR002365
GT004156,USR002366
GT005432,USR002367
GT006001,USR002368
GT006032,USR002369
GT005715,USR002370
GT005162,USR002371
GT005856,USR002372
GT006249,USR002373
GT004316,USR002374
GT006255,USR002375
GT005020,USR002376
GT008771,USR002377
GT005406,USR002378
GT008649,USR002379
GT004876,USR002380
GT003085,USR002381
GT000983,USR002382
GT004651,USR002383
GT008467,USR002384
GT002723,USR002385
GT000946,USR002386
GT000897,USR002387
GT001929,USR002388
GT000091,USR002389
GT007900,USR002390
GT001247,USR002391
GT005900,USR002392
GT009580,USR002393
GT005708,USR002394
GT004139,USR002395
GT006911,USR002396
GT001221,USR002397
GT008634,USR002398
GT007308,USR002399
GT002457,USR002400
GT000722,USR002401
GT006707,USR002402
GT007047,USR002403
GT002241,USR002404
GT001425,USR002405
GT008651,USR002406
GT002808,USR002407
GT000586,USR002408
GT005477,USR002409
GT007326,USR002410
GT009287,USR002411
GT002048,USR002412
GT007779,USR002413
GT003776,USR002414
GT009839,USR002415
GT003968,USR002416
GT009977,USR002417
GT003811,USR002418
GT008009,USR002419
GT005112,USR002420
GT004644,USR002421
GT009175,USR002422
GT007100,USR002423
GT001767,USR002424
GT002852,USR002425
GT004584,USR002426
GT004627,USR002427
GT004716,USR002428
GT007474,USR002429
GT006764,USR002430
GT002525,USR002431
GT006101,USR002432
GT003193,USR002433
GT004259,USR002434
GT000604,USR002435
GT009659,USR002436
GT002380,USR002437
GT003039,USR002438
GT006614,USR002439
GT004519,USR002440
GT009594,USR002441
GT007698,USR002442
GT006168,USR002443
GT008674,USR002444
GT002920,USR002445
GT003801,USR002446
GT002628,USR002447
GT004623,USR002448
GT000361,USR002449
GT005571,USR002450
GT008155,USR002451
GT000745,USR002452
GT008780,USR002453
GT000585,USR002454
GT008592,USR002455
GT001618,USR002456
GT006765,USR002457
GT007599,USR002458
GT006559,USR002459
GT000028,USR002460
GT005062,USR002461
GT004640,USR002462
GT003768,USR002463
GT000427,USR002464
GT007117,USR002465
GT001178,USR002466
GT008505,USR002467
GT009456,USR002468
GT007630,USR002469
GT003374,USR002470
GT006587,USR002471
GT008075,USR002472
GT007136,USR002473
GT004187,USR002474
GT004315,USR002475
GT000185,USR002476
GT006451,USR002477
GT007759,USR002478
GT002224,USR002479
GT000954,USR002480
GT002207,USR002481
GT000980,USR002482
GT008047,USR002483
GT007021,USR002484
GT006846,USR002485
GT007012,USR002486
GT007640,USR002487
GT001655,USR002488
GT005976,USR002489
GT004606,USR002490
GT009094,USR002491
GT005158,USR002492
GT005739,USR002493
GT006302,USR002494
GT005867,USR002495
GT008272,USR002496
GT001676,USR002497
GT005800,USR002498
GT001230,USR002499
GT004333,USR002500
GT008794,USR002501
GT002809,USR002502
GT003912,USR002503
GT002630,USR002504
GT009372,USR002505
GT000208,USR002506
GT004611,USR002507
GT009985,USR002508
GT006716,USR002509
GT005355,USR002510
GT008475,USR002511
GT008363,USR002512
GT004048,USR002513
GT001675,USR002514
GT004142,USR002515
GT001290,USR002516
GT007848,USR002517
GT007485,USR002518
GT005612,USR002519
GT009489,USR002520
GT009249,USR002521
GT005334,USR002522
GT003385,USR002523
GT001832,USR002524
GT001691,USR002525
GT001943,USR002526
GT001995,USR002527
GT003076,USR002528
GT004440,USR002529
GT007586,USR002530
GT007056,USR002531
GT002588,USR002532
GT003938,USR002533
GT002695,USR002534
GT001112,USR002535
GT006223,USR002536
GT001394,USR002537
GT006980,USR002538
GT004838,USR002539
GT002163,USR002540
GT006643,USR002541
GT003026,USR002542
GT004096,USR002543
GT009550,USR002544
GT009291,USR002545
GT005325,USR002546
GT008663,USR002547
GT001814,USR002548
GT001658,USR002549
GT005064,USR002550
GT006436,USR002551
GT006233,USR002552
GT003804,USR002553
GT009030,USR002554
GT009918,USR002555
GT004694,USR002556
GT009333,USR002557
GT007502,USR002558
GT003827,USR002559
GT006976,USR002560
GT003675,USR002561
GT008517,USR002562
GT002527,USR002563
GT005748,USR002564
GT001650,USR002565
GT008012,USR002566
GT005654,USR002567
GT004641,USR002568
GT004562,USR002569
GT005911,USR002570
GT001850,USR002571
GT008527,USR002572
GT006579,USR002573
GT004869,USR002574
GT002418,USR002575
GT006569,USR002576
GT000017,USR002577
GT000858,USR002578
GT009125,USR002579
GT008560,USR002580
GT005257,USR002581
GT007577,USR002582
GT002811,USR002583
GT006281,USR002584
GT001433,USR002585
GT008977,USR002586
GT005047,USR002587
GT004257,USR002588
GT000678,USR002589
GT008976,USR002590
GT000694,USR002591
GT006426,USR002592
GT005510,USR002593
GT008342,USR002594
GT004796,USR002595
GT007111,USR002596
GT004328,USR002597
GT008679,USR002598
GT003593,USR002599
GT002689,USR002600
GT005495,USR002601
GT009574,USR002602
GT003185,USR002603
GT003120,USR002604
GT000864,USR002605
GT005562,USR002606
GT000277,USR002607
GT008481,USR002608
GT003302,USR002609
GT004756,USR002610
GT002565,USR002611
GT002395,USR002612
GT002453,USR002613
GT004614,USR002614
GT007740,USR002615
GT009803,USR002616
GT006603,USR002617
GT000404,USR002618
GT003301,USR002619
GT001021,USR002620
GT001728,USR002621
GT005961,USR002622
GT009082,USR002623
GT003121,USR002624
GT001125,USR002625
GT005296,USR002626
GT007342,USR002627
GT001950,USR002628
GT000323,USR002629
GT009993,USR002630
GT004913,USR002631
GT002427,USR002632
GT003764,USR002633
GT009897,USR002634
GT006298,USR002635
GT001514,USR002636
GT002157,USR002637
GT004966,USR002638
GT006490,USR002639
GT008789,USR002640
GT007275,USR002641
GT008608,USR002642
GT004279,USR002643
GT005312,USR002644
GT000630,USR002645
GT005425,USR002646
GT001585,USR002647
GT003045,USR002648
GT005012,USR002649
GT009884,USR002650
GT007163,USR002651
GT009468,USR002652
GT003422,USR002653
GT006596,USR002654
GT002415,USR002655
GT009434,USR002656
GT006367,USR002657
GT000523,USR002658
GT004197,USR002659
GT005629,USR002660
GT008635,USR002661
GT007815,USR002662
GT001930,USR002663
GT000998,USR002664
GT007769,USR002665
GT009903,USR002666
GT008558,USR002667
GT007259,USR002668
GT000942,USR002669
GT009783,USR002670
GT000857,USR002671
GT007725,USR002672
GT005608,USR002673
GT004176,USR002674
GT005120,USR002675
GT003915,USR002676
GT006503,USR002677
GT007610,USR002678
GT005887,USR002679
GT008888,USR002680
GT007452,USR002681
GT005811,USR002682
GT005401,USR002683
GT000468,USR002684
GT003359,USR002685
GT008590,USR002686
GT009692,USR002687
GT007977,USR002688
GT009246,USR002689
GT000062,USR002690
GT002747,USR002691
GT000859,USR002692
GT006383,USR002693
GT005281,USR002694
GT007009,USR002695
GT007154,USR002696
GT005123,USR002697
GT001897,USR002698
GT007678,USR002699
GT007986,USR002700
GT006387,USR002701
GT003015,USR002702
GT004847,USR002703
GT005237,USR002704
GT005075,USR002705
GT003171,USR002706
GT008243,USR002707
GT008902,USR002708
GT000425,USR002709
GT002968,USR002710
GT005228,USR002711
GT002421,USR002712
GT000495,USR002713
GT009275,USR002714
GT001232,USR002715
GT006560,USR002716
GT002206,USR002717
GT005496,USR002718
GT005596,USR002719
GT006290,USR002720
GT009223,USR002721
GT006782,USR002722
GT000327,USR002723
GT003347,USR002724
GT000763,USR002725
GT006657,USR002726
GT002059,USR002727
GT000362,USR002728
GT001825,USR002729
GT009541,USR002730
GT003996,USR002731
GT005989,USR002732
GT006238,USR002733
GT005328,USR002734
GT002983,USR002735
GT005665,USR002736
GT002336,USR002737
GT000944,USR002738
GT004628,USR002739
GT009999,USR002740
GT007869,USR002741
GT009518,USR002742
GT006693,USR002743
GT006645,USR002744
GT009834,USR002745
GT002609,USR002746
GT007489,USR002747
GT007094,USR002748
GT001355,USR002749
GT007133,USR002750
GT003695,USR002751
GT005065,USR002752
GT008970,USR002753
GT008986,USR002754
GT005130,USR002755
GT004915,USR002756
GT006494,USR002757
GT000365,USR002758
GT005538,USR002759
GT005263,USR002760
GT005005,USR002761
GT005763,USR002762
GT006069,USR002763
GT006189,USR002764
GT002561,USR002765
GT006554,USR002766
GT003642,USR002767
GT006608,USR002768
GT001611,USR002769
GT001475,USR002770
GT005853,USR002771
GT001889,USR002772
GT000364,USR002773
GT008076,USR002774
GT007184,USR002775
GT007138,USR002776
GT007837,USR002777
GT007367,USR002778
GT009998,USR002779
GT006974,USR002780
GT000494,USR002781
GT006197,USR002782
GT005826,USR002783
GT002715,USR002784
GT004173,USR002785
GT007978,USR002786
GT002018,USR002787
GT008362,USR002788
GT004379,USR002789
GT007223,USR002790
GT002160,USR002791
GT001707,USR002792
GT001097,USR002793
GT007487,USR002794
GT006358,USR002795
GT003312,USR002796
GT001279,USR002797
GT001802,USR002798
GT009941,USR002799
GT002172,USR002800
GT004624,USR002801
GT000685,USR002802
GT007204,USR002803
GT004734,USR002804
GT005549,USR002805
GT002804,USR002806
GT003700,USR002807
GT005619,USR002808
GT008197,USR002809
GT002373,USR002810
GT009465,USR002811
GT005437,USR002812
GT009767,USR002813
GT005198,USR002814
GT000509,USR002815
GT002940,USR002816
GT007619,USR002817
GT005106,USR002818
GT000394,USR002819
GT006797,USR002820
GT001854,USR002821
GT001207,USR002822
GT007966,USR002823
GT008507,USR002824
GT006787,USR002825
GT009877,USR002826
GT002108,USR002827
GT000093,USR002828
GT001024,USR002829
GT005567,USR002830
GT009144,USR002831
GT009251,USR002832
GT000709,USR002833
GT006409,USR002834
GT002618,USR002835
GT000622,USR002836
GT002729,USR002837
GT000941,USR002838
GT008428,USR002839
GT008809,USR002840
GT004906,USR002841
GT001915,USR002842
GT000582,USR002843
GT003570,USR002844
GT002824,USR002845
GT001131,USR002846
GT004174,USR002847
GT001008,USR002848
GT009780,USR002849
GT004977,USR002850
GT002429,USR002851
GT002803,USR002852
GT007433,USR002853
GT001645,USR002854
GT009487,USR002855
GT008548,USR002856
GT006195,USR002857
GT006362,USR002858
GT006529,USR002859
GT005795,USR002860
GT004478,USR002861
GT008797,USR002862
GT007534,USR002863
GT005957,USR002864
GT007650,USR002865
GT003854,USR002866
GT005243,USR002867
GT004685,USR002868
GT005230,USR002869
GT003138,USR002870
GT002269,USR002871
GT004894,USR002872
GT000194,USR002873
GT000578,USR002874
GT001270,USR002875
GT002378,USR002876
GT000356,USR002877
GT007134,USR002878
GT000760,USR002879
GT000580,USR002880
GT001468,USR002881
GT003744,USR002882
GT005491,USR002883
GT002560,USR002884
GT006723,USR002885
GT007781,USR002886
GT002846,USR002887
GT009191,USR002888
GT004512,USR002889
GT003980,USR002890
GT002419,USR002891
GT000801,USR002892
GT002451,USR002893
GT005643,USR002894
GT006788,USR002895
GT003929,USR002896
GT004815,USR002897
GT009375,USR002898
GT004497,USR002899
GT008316,USR002900
GT002720,USR002901
GT000341,USR002902
GT006758,USR002903
GT003629,USR002904
GT008556,USR002905
GT008574,USR002906
GT004100,USR002907
GT005396,USR002908
GT009947,USR002909
GT007557,USR002910
GT007816,USR002911
GT004406,USR002912
GT000417,USR002913
GT002444,USR002914
GT000269,USR002915
GT007804,USR002916
GT006035,USR002917
GT000184,USR002918
GT007070,USR002919
GT003294,USR002920
GT002279,USR002921
GT005095,USR002922
GT009595,USR002923
GT005568,USR002924
GT007168,USR002925
GT009543,USR002926
GT005185,USR002927
GT001268,USR002928
GT005984,USR002929
GT002562,USR002930
GT002293,USR002931
GT009685,USR002932
GT007202,USR002933
GT000199,USR002934
GT001109,USR002935
GT005176,USR002936
GT006265,USR002937
GT002150,USR002938
GT009917,USR002939
GT000490,USR002940
GT005282,USR002941
GT006019,USR002942
GT008131,USR002943
GT008462,USR002944
GT007093,USR002945
GT000464,USR002946
GT001589,USR002947
GT007051,USR002948
GT001895,USR002949
GT003739,USR002950
GT009435,USR002951
GT001234,USR002952
GT000039,USR002953
GT008583,USR002954
GT002145,USR002955
GT002521,USR002956
GT009559,USR002957
GT001838,USR002958
GT003414,USR002959
GT007315,USR002960
GT002001,USR002961
GT007659,USR002962
GT003214,USR002963
GT006156,USR002964
GT007645,USR002965
GT003615,USR002966
GT005097,USR002967
GT005858,USR002968
GT008106,USR002969
GT007899,USR002970
GT009770,USR002971
GT000016,USR002972
GT000115,USR002973
GT002056,USR002974
GT000220,USR002975
GT000136,USR002976
GT002611,USR002977
GT001108,USR002978
GT003859,USR002979
GT001965,USR002980
GT005186,USR002981
GT006708,USR002982
GT005021,USR002983
GT006169,USR002984
GT002446,USR002985
GT000399,USR002986
GT007237,USR002987
GT008848,USR002988
GT009733,USR002989
GT004377,USR002990
GT001808,USR002991
GT003245,USR002992
GT000324,USR002993
GT004000,USR002994
GT000381,USR002995
GT005723,USR002996
GT008483,USR002997
GT003603,USR002998
GT003069,USR002999
GT008494,USR003000
GT007488,USR003001
GT008229,USR003002
GT005027,USR003003
GT009669,USR003004
GT007849,USR003005
GT003282,USR003006
GT007626,USR003007
GT003713,USR003008
GT004095,USR003009
GT006622,USR003010
GT008846,USR003011
GT001584,USR003012
GT002893,USR003013
GT003737,USR003014
GT008565,USR003015
GT001740,USR003016
GT007729,USR003017
GT007333,USR003018
GT003970,USR003019
GT002113,USR003020
GT009262,USR003021
GT006310,USR003022
GT009462,USR003023
GT000041,USR003024
GT003304,USR003025
GT005474,USR003026
GT009471,USR003027
GT005368,USR003028
GT008277,USR003029
GT001373,USR003030
GT002138,USR003031
GT006176,USR003032
GT006604,USR003033
GT004912,USR003034
GT009041,USR003035
GT009990,USR003036
GT009983,USR003037
GT001399,USR003038
GT003667,USR003039
GT003476,USR003040
GT006010,USR003041
GT002372,USR003042
GT005214,USR003043
GT006482,USR003044
GT006956,USR003045
GT008040,USR003046
GT000061,USR003047
GT009186,USR003048
GT002350,USR003049
GT004529,USR003050
GT004878,USR003051
GT007401,USR003052
GT007165,USR003053
GT002780,USR003054
GT007167,USR003055
GT005794,USR003056
GT000040,USR003057
GT006333,USR003058
GT000548,USR003059
GT005905,USR003060
GT001218,USR003061
GT000894,USR003062
GT008615,USR003063
GT002342,USR003064
GT000920,USR003065
GT009756,USR003066
GT006636,USR003067
GT006100,USR003068
GT004260,USR003069
GT003876,USR003070
GT007443,USR003071
GT000201,USR003072
GT009579,USR003073
GT002063,USR003074
GT004159,USR003075
GT006618,USR003076
GT002351,USR003077
GT005963,USR003078
GT006749,USR003079
GT008784,USR003080
GT008637,USR003081
GT004666,USR003082
GT009626,USR003083
GT003981,USR003084
GT008658,USR003085
GT008124,USR003086
GT009982,USR003087
GT006966,USR003088
GT005966,USR003089
GT008198,USR003090
GT008095,USR003091
GT000014,USR003092
GT001749,USR003093
GT001714,USR003094
GT006726,USR003095
GT005448,USR003096
GT002936,USR003097
GT009362,USR003098
GT006515,USR003099
GT000319,USR003100
GT004826,USR003101
GT002927,USR003102
GT004778,USR003103
GT009650,USR003104
GT002708,USR003105
GT006139,USR003106
GT005501,USR003107
GT000339,USR003108
GT002510,USR003109
GT009888,USR003110
GT001301,USR003111
GT007392,USR003112
GT002026,USR003113
GT000256,USR003114
GT000736,USR003115
GT002332,USR003116
GT006815,USR003117
GT004123,USR003118
GT003672,USR003119
GT002530,USR003120
GT002974,USR003121
GT006887,USR003122
GT008596,USR003123
GT005042,USR003124
GT005488,USR003125
GT006599,USR003126
GT006642,USR003127
GT007015,USR003128
GT004617,USR003129
GT001554,USR003130
GT003821,USR003131
GT005799,USR003132
GT004147,USR003133
GT005416,USR003134
GT000032,USR003135
GT006320,USR003136
GT007958,USR003137
GT007472,USR003138
GT002616,USR003139
GT002664,USR003140
GT008553,USR003141
GT004510,USR003142
GT005196,USR003143
GT001641,USR003144
GT000868,USR003145
GT004417,USR003146
GT009073,USR003147
GT004703,USR003148
GT002693,USR003149
GT005244,USR003150
GT001314,USR003151
GT000922,USR003152
GT003610,USR003153
GT005092,USR003154
GT008353,USR003155
GT003300,USR003156
GT008726,USR003157
GT009758,USR003158
GT004334,USR003159
GT005048,USR003160
GT007341,USR003161
GT000762,USR003162
GT004242,USR003163
GT009054,USR003164
GT009750,USR003165
GT008084,USR003166
GT000282,USR003167
GT000031,USR003168
GT007892,USR003169
GT001120,USR003170
GT006766,USR003171
GT009059,USR003172
GT006025,USR003173
GT009348,USR003174
GT007691,USR003175
GT002309,USR003176
GT002084,USR003177
GT000452,USR003178
GT000503,USR003179
GT006271,USR003180
GT003218,USR003181
GT000683,USR003182
GT006519,USR003183
GT001501,USR003184
GT000152,USR003185
GT008251,USR003186
GT000225,USR003187
GT007417,USR003188
GT002517,USR003189
GT007511,USR003190
GT007309,USR003191
GT000977,USR003192
GT006401,USR003193
GT008015,USR003194
GT008171,USR003195
GT007933,USR003196
GT004150,USR003197
GT009458,USR003198
GT008716,USR003199
GT007841,USR003200
GT003478,USR003201
GT004353,USR003202
GT006126,USR003203
GT006953,USR003204
GT002820,USR003205
GT000218,USR003206
GT006386,USR003207
GT001252,USR003208
GT008512,USR003209
GT006301,USR003210
GT001439,USR003211
GT002831,USR003212
GT004975,USR003213
GT009358,USR003214
GT007685,USR003215
GT005438,USR003216
GT009976,USR003217
GT008878,USR003218
GT002829,USR003219
GT002104,USR003220
GT005259,USR003221
GT002230,USR003222
GT002122,USR003223
GT002944,USR003224
GT007609,USR003225
GT009318,USR003226
GT007741,USR003227
GT006487,USR003228
GT006915,USR003229
GT006421,USR003230
GT006936,USR003231
GT004772,USR003232
GT002135,USR003233
GT008440,USR003234
GT006649,USR003235
GT000083,USR003236
GT007269,USR003237
GT003311,USR003238
GT007863,USR003239
GT008609,USR003240
GT008575,USR003241
GT007844,USR003242
GT005426,USR003243
GT006308,USR003244
GT002961,USR003245
GT008857,USR003246
GT009950,USR003247
GT008741,USR003248
GT001444,USR003249
GT008983,USR003250
GT009445,USR003251
GT003614,USR003252
GT008120,USR003253
GT001119,USR003254
GT005651,USR003255
GT000259,USR003256
GT008346,USR003257
GT002862,USR003258
GT007293,USR003259
GT005443,USR003260
GT000322,USR003261
GT003521,USR003262
GT006204,USR003263
GT005613,USR003264
GT005122,USR003265
GT002741,USR003266
GT002534,USR003267
GT002705,USR003268
GT006328,USR003269
GT007226,USR003270
GT003954,USR003271
GT006886,USR003272
GT000066,USR003273
GT001017,USR003274
GT007177,USR003275
GT001642,USR003276
GT007379,USR003277
GT005598,USR003278
GT007426,USR003279
GT004360,USR003280
GT003104,USR003281
GT002404,USR003282
GT003878,USR003283
GT003622,USR003284
GT008402,USR003285
GT001488,USR003286
GT006243,USR003287
GT008209,USR003288
GT004444,USR003289
GT007752,USR003290
GT004843,USR003291
GT008571,USR003292
GT002888,USR003293
GT007937,USR003294
GT004731,USR003295
GT009567,USR003296
GT009600,USR003297
GT004688,USR003298
GT007028,USR003299
GT002044,USR003300
GT000012,USR003301
GT000400,USR003302
GT001874,USR003303
GT005707,USR003304
GT000191,USR003305
GT003135,USR003306
GT001377,USR003307
GT001823,USR003308
GT004733,USR003309
GT009582,USR003310
GT009899,USR003311
GT005854,USR003312
GT009326,USR003313
GT008969,USR003314
GT006375,USR003315
GT006511,USR003316
GT000321,USR003317
GT005594,USR003318
GT005356,USR003319
GT003151,USR003320
GT007590,USR003321
GT006124,USR003322
GT005490,USR003323
GT007770,USR003324
GT007555,USR003325
GT003453,USR003326
GT005907,USR003327
GT009830,USR003328
GT002737,USR003329
GT009256,USR003330
GT000880,USR003331
GT008329,USR003332
GT008255,USR003333
GT001610,USR003334
GT000970,USR003335
GT006107,USR003336
GT000839,USR003337
GT009815,USR003338
GT004367,USR003339
GT002566,USR003340
GT007696,USR003341
GT008855,USR003342
GT008265,USR003343
GT009248,USR003344
GT006888,USR003345
GT008170,USR003346
GT000725,USR003347
GT006242,USR003348
GT004866,USR003349
GT001496,USR003350
GT003366,USR003351
GT000413,USR003352
GT004742,USR003353
GT005452,USR003354
GT003788,USR003355
GT008536,USR003356
GT001052,USR003357
GT003286,USR003358
GT004396,USR003359
GT005793,USR003360
GT000846,USR003361
GT002587,USR003362
GT004591,USR003363
GT002610,USR003364
GT006539,USR003365
GT009674,USR003366
GT006214,USR003367
GT003314,USR003368
GT003777,USR003369
GT000877,USR003370
GT006647,USR003371
GT002963,USR003372
GT002124,USR003373
GT009355,USR003374
GT001029,USR003375
GT004676,USR003376
GT004686,USR003377
GT004430,USR003378
GT000518,USR003379
GT008694,USR003380
GT008672,USR003381
GT001047,USR003382
GT008657,USR003383
GT009421,USR003384
GT009046,USR003385
GT008242,USR003386
GT001429,USR003387
GT006374,USR003388
GT006106,USR003389
GT004885,USR003390
GT009563,USR003391
GT004185,USR003392
GT007755,USR003393
GT007456,USR003394
GT002057,USR003395
GT006004,USR003396
GT005695,USR003397
GT003565,USR003398
GT001256,USR003399
GT006780,USR003400
GT003534,USR003401
GT003118,USR003402
GT008314,USR003403
GT008338,USR003404
GT008736,USR003405
GT008611,USR003406
GT004788,USR003407
GT006465,USR003408
GT001273,USR003409
GT009311,USR003410
GT007148,USR003411
GT004023,USR003412
GT001986,USR003413
GT005318,USR003414
GT001803,USR003415
GT004574,USR003416
GT000624,USR003417
GT009886,USR003418
GT004500,USR003419
GT006231,USR003420
GT002692,USR003421
GT003122,USR003422
GT008294,USR003423
GT000933,USR003424
GT004575,USR003425
GT003510,USR003426
GT005050,USR003427
GT007250,USR003428
GT002073,USR003429
GT002015,USR003430
GT002017,USR003431
GT003394,USR003432
GT006029,USR003433
GT004292,USR003434
GT000340,USR003435
GT006330,USR003436
GT008820,USR003437
GT009714,USR003438
GT008841,USR003439
GT007055,USR003440
GT008530,USR003441
GT008675,USR003442
GT003357,USR003443
GT003627,USR003444
GT002951,USR003445
GT009015,USR003446
GT002519,USR003447
GT001685,USR003448
GT004978,USR003449
GT005593,USR003450
GT001840,USR003451
GT009778,USR003452
GT001115,USR003453
GT001869,USR003454
GT008778,USR003455
GT004022,USR003456
GT004911,USR003457
GT001800,USR003458
GT003888,USR003459
GT009173,USR003460
GT009741,USR003461
GT007234,USR003462
GT009239,USR003463
GT007122,USR003464
GT000963,USR003465
GT006818,USR003466
GT004464,USR003467
GT007242,USR003468
GT003233,USR003469
GT005272,USR003470
GT002926,USR003471
GT009686,USR003472
GT006833,USR003473
GT007300,USR003474
GT004387,USR003475
GT000507,USR003476
GT000120,USR003477
GT001695,USR003478
GT007019,USR003479
GT007723,USR003480
GT000446,USR003481
GT004013,USR003482
GT003730,USR003483
GT002030,USR003484
GT006031,USR003485
GT007761,USR003486
GT004397,USR003487
GT008856,USR003488
GT006831,USR003489
GT000570,USR003490
GT000268,USR003491
GT004016,USR003492
GT000756,USR003493
GT004415,USR003494
GT000287,USR003495
GT008282,USR003496
GT006840,USR003497
GT006369,USR003498
GT008864,USR003499
GT006778,USR003500
GT005499,USR003501
GT006609,USR003502
GT007050,USR003503
GT005703,USR003504
GT004107,USR003505
GT006343,USR003506
GT008199,USR003507
GT004258,USR003508
GT001737,USR003509
GT006996,USR003510
GT007985,USR003511
GT003946,USR003512
GT003109,USR003513
GT007624,USR003514
GT008497,USR003515
GT008884,USR003516
GT004540,USR003517
GT007079,USR003518
GT008821,USR003519
GT002483,USR003520
GT005420,USR003521
GT009955,USR003522
GT009293,USR003523
GT006744,USR003524
GT000564,USR003525
GT004091,USR003526
GT003350,USR003527
GT004880,USR003528
GT006390,USR003529
GT001774,USR003530
GT006405,USR003531
GT007423,USR003532
GT005110,USR003533
GT001597,USR003534
GT007281,USR003535
GT000146,USR003536
GT007294,USR003537
GT003000,USR003538
GT008094,USR003539
GT001779,USR003540
GT003036,USR003541
GT003056,USR003542
GT000661,USR003543
GT004474,USR003544
GT005866,USR003545
GT001393,USR003546
GT000982,USR003547
GT004940,USR003548
GT003630,USR003549
GT005645,USR003550
GT002164,USR003551
GT007520,USR003552
GT001432,USR003553
GT005926,USR003554
GT003709,USR003555
GT008914,USR003556
GT007126,USR003557
GT008838,USR003558
GT003455,USR003559
GT003661,USR003560
GT007501,USR003561
GT005660,USR003562
GT007544,USR003563
GT000940,USR003564
GT003176,USR003565
GT002392,USR003566
GT001485,USR003567
GT003071,USR003568
GT006850,USR003569
GT005126,USR003570
GT003792,USR003571
GT000567,USR003572
GT006588,USR003573
GT008786,USR003574
GT008186,USR003575
GT006756,USR003576
GT002569,USR003577
GT006459,USR003578
GT002040,USR003579
GT001873,USR003580
GT000830,USR003581
GT006931,USR003582
GT004228,USR003583
GT001302,USR003584
GT002010,USR003585
GT003941,USR003586
GT005054,USR003587
GT002065,USR003588
GT007936,USR003589
GT001947,USR003590
GT003755,USR003591
GT000614,USR003592
GT003809,USR003593
GT006982,USR003594
GT000610,USR003595
GT000820,USR003596
GT000517,USR003597
GT001013,USR003598
GT009743,USR003599
GT001199,USR003600
GT003257,USR003601
GT004758,USR003602
GT005205,USR003603
GT008887,USR003604
GT007709,USR003605
GT000576,USR003606
GT005945,USR003607
GT005736,USR003608
GT006616,USR003609
GT005037,USR003610
GT009168,USR003611
GT004835,USR003612
GT000177,USR003613
GT007329,USR003614
GT007096,USR003615
GT007384,USR003616
GT008071,USR003617
GT002922,USR003618
GT009193,USR003619
GT007518,USR003620
GT006273,USR003621
GT006275,USR003622
GT009895,USR003623
GT008572,USR003624
GT007908,USR003625
GT005770,USR003626
GT006601,USR003627
GT009131,USR003628
GT001451,USR003629
GT007598,USR003630
GT008707,USR003631
GT005697,USR003632
GT008998,USR003633
GT003475,USR003634
GT008687,USR003635
GT007982,USR003636
GT002301,USR003637
GT003533,USR003638
GT009994,USR003639
GT006689,USR003640
GT004918,USR003641
GT005264,USR003642
GT004323,USR003643
GT008883,USR003644
GT007420,USR003645
GT005389,USR003646
GT005004,USR003647
GT007839,USR003648
GT001402,USR003649
GT006939,USR003650
GT001074,USR003651
GT008917,USR003652
GT008161,USR003653
GT001744,USR003654
GT007081,USR003655
GT004504,USR003656
GT003344,USR003657
GT000541,USR003658
GT008643,USR003659
GT007521,USR003660
GT008258,USR003661
GT002078,USR003662
GT006036,USR003663
GT005459,USR003664
GT009608,USR003665
GT001576,USR003666
GT000825,USR003667
GT008659,USR003668
GT008088,USR003669
GT004394,USR003670
GT001887,USR003671
GT008484,USR003672
GT001458,USR003673
GT000060,USR003674
GT008725,USR003675
GT006799,USR003676
GT001261,USR003677
GT004794,USR003678
GT006355,USR003679
GT004144,USR003680
GT006944,USR003681
GT002250,USR003682
GT007821,USR003683
GT009198,USR003684
GT002411,USR003685
GT007406,USR003686
GT005798,USR003687
GT007071,USR003688
GT001907,USR003689
GT004468,USR003690
GT002212,USR003691
GT007836,USR003692
GT001962,USR003693
GT004384,USR003694
GT008541,USR003695
GT005995,USR003696
GT002977,USR003697
GT005868,USR003698
GT006704,USR003699
GT002486,USR003700
GT009953,USR003701
GT003409,USR003702
GT008196,USR003703
GT004008,USR003704
GT002333,USR003705
GT000557,USR003706
GT004310,USR003707
GT002114,USR003708
GT005777,USR003709
GT000142,USR003710
GT000670,USR003711
GT007786,USR003712
GT008204,USR003713
GT007398,USR003714
GT004521,USR003715
GT007231,USR003716
GT006066,USR003717
GT000109,USR003718
GT000100,USR003719
GT000668,USR003720
GT000823,USR003721
GT007358,USR003722
GT001245,USR003723
GT006710,USR003724
GT003384,USR003725
GT007041,USR003726
GT002098,USR003727
GT005147,USR003728
GT006525,USR003729
GT003463,USR003730
GT007859,USR003731
GT003090,USR003732
GT004813,USR003733
GT000979,USR003734
GT008465,USR003735
GT005168,USR003736
GT005755,USR003737
GT006115,USR003738
GT003248,USR003739
GT009010,USR003740
GT009860,USR003741
GT002180,USR003742
GT000717,USR003743
GT004329,USR003744
GT007788,USR003745
GT007170,USR003746
GT000189,USR003747
GT004595,USR003748
GT006254,USR003749
GT005722,USR003750
GT008300,USR003751
GT004009,USR003752
GT009028,USR003753
GT004214,USR003754
GT005069,USR003755
GT004230,USR003756
GT007707,USR003757
GT003617,USR003758
GT000038,USR003759
GT007193,USR003760
GT002995,USR003761
GT007934,USR003762
GT005735,USR003763
GT005175,USR003764
GT002022,USR003765
GT004854,USR003766
GT004438,USR003767
GT007460,USR003768
GT009090,USR003769
GT000224,USR003770
GT006987,USR003771
GT006632,USR003772
GT005381,USR003773
GT005109,USR003774
GT004177,USR003775
GT001795,USR003776
GT002109,USR003777
GT006455,USR003778
GT004152,USR003779
GT006133,USR003780
GT001794,USR003781
GT000747,USR003782
GT000623,USR003783
GT002173,USR003784
GT008035,USR003785
GT001970,USR003786
GT009730,USR003787
GT009792,USR003788
GT008738,USR003789
GT003123,USR003790
GT006694,USR003791
GT006357,USR003792
GT001372,USR003793
GT003952,USR003794
GT009416,USR003795
GT009444,USR003796
GT005935,USR003797
GT000752,USR003798
GT008931,USR003799
GT009523,USR003800
GT002253,USR003801
GT001599,USR003802
GT000951,USR003803
GT009449,USR003804
GT008614,USR003805
GT005019,USR003806
GT007389,USR003807
GT004301,USR003808
GT003075,USR003809
GT004267,USR003810
GT002501,USR003811
GT008436,USR003812
GT004345,USR003813
GT006247,USR003814
GT005555,USR003815
GT000879,USR003816
GT008383,USR003817
GT001964,USR003818
GT010000,USR003819
GT000054,USR003820
GT002256,USR003821
GT009531,USR003822
GT009703,USR003823
GT009407,USR003824
GT003425,USR003825
GT000773,USR003826
GT001335,USR003827
GT007799,USR003828
GT006811,USR003829
GT005837,USR003830
GT002919,USR003831
GT006441,USR003832
GT001590,USR003833
GT007345,USR003834
GT009448,USR003835
GT009455,USR003836
GT004634,USR003837
GT000808,USR003838
GT008683,USR003839
GT003292,USR003840
GT003290,USR003841
GT005149,USR003842
GT009202,USR003843
GT009524,USR003844
GT007891,USR003845
GT009264,USR003846
GT006150,USR003847
GT004865,USR003848
GT000792,USR003849
GT006842,USR003850
GT004182,USR003851
GT002673,USR003852
GT005808,USR003853
GT009578,USR003854
GT000422,USR003855
GT002731,USR003856
GT003765,USR003857
GT009200,USR003858
GT000445,USR003859
GT000620,USR003860
GT006505,USR003861
GT004212,USR003862
GT004239,USR003863
GT000766,USR003864
GT000178,USR003865
GT002166,USR003866
GT003556,USR003867
GT007475,USR003868
GT007083,USR003869
GT004094,USR003870
GT004338,USR003871
GT006286,USR003872
GT006889,USR003873
GT008344,USR003874
GT007744,USR003875
GT008123,USR003876
GT004106,USR003877
GT001487,USR003878
GT005258,USR003879
GT006621,USR003880
GT004073,USR003881
GT003002,USR003882
GT008750,USR003883
GT006341,USR003884
GT003758,USR003885
GT003287,USR003886
GT003235,USR003887
GT003001,USR003888
GT001410,USR003889
GT009705,USR003890
GT006841,USR003891
GT003653,USR003892
GT009532,USR003893
GT007890,USR003894
GT008343,USR003895
GT004612,USR003896
GT003517,USR003897
GT000065,USR003898
GT007194,USR003899
GT002584,USR003900
GT002988,USR003901
GT007422,USR003902
GT002343,USR003903
GT009924,USR003904
GT004764,USR003905
GT003733,USR003906
GT001520,USR003907
GT008673,USR003908
GT005359,USR003909
GT004834,USR003910
GT003441,USR003911
GT005060,USR003912
GT001280,USR003913
GT002688,USR003914
GT003131,USR003915
GT002174,USR003916
GT004821,USR003917
GT005646,USR003918
GT000278,USR003919
GT009660,USR003920
GT007760,USR003921
GT003906,USR003922
GT009027,USR003923
GT005861,USR003924
GT004254,USR003925
GT003939,USR003926
GT009588,USR003927
GT003079,USR003928
GT001201,USR003929
GT007212,USR003930
GT004663,USR003931
GT009702,USR003932
GT001415,USR003933
GT009232,USR003934
GT007616,USR003935
GT009391,USR003936
GT006819,USR003937
GT003459,USR003938
GT000248,USR003939
GT006938,USR003940
GT008586,USR003941
GT009247,USR003942
GT002064,USR003943
GT008026,USR003944
GT004003,USR003945
GT001710,USR003946
GT002712,USR003947
GT002763,USR003948
GT003812,USR003949
GT003419,USR003950
GT008358,USR003951
GT002027,USR003952
GT000501,USR003953
GT009615,USR003954
GT000418,USR003955
GT002962,USR003956
GT006779,USR003957
GT008427,USR003958
GT003466,USR003959
GT004718,USR003960
GT000050,USR003961
GT005436,USR003962
GT001507,USR003963
GT003816,USR003964
GT000927,USR003965
GT008980,USR003966
GT000313,USR003967
GT005956,USR003968
GT001320,USR003969
GT006449,USR003970
GT005277,USR003971
GT003814,USR003972
GT009283,USR003973
GT001321,USR003974
GT007535,USR003975
GT003166,USR003976
GT009695,USR003977
GT007008,USR003978
GT005545,USR003979
GT005870,USR003980
GT000272,USR003981
GT004883,USR003982
GT000289,USR003983
GT005590,USR003984
GT001431,USR003985
GT003420,USR003986
GT006479,USR003987
GT005203,USR003988
GT002235,USR003989
GT002574,USR003990
GT000824,USR003991
GT004278,USR003992
GT005871,USR003993
GT008441,USR003994
GT003585,USR003995
GT005160,USR003996
GT009754,USR003997
GT000435,USR003998
GT001162,USR003999
GT006468,USR004000
GT003997,USR004001
GT001271,USR004002
GT002711,USR004003
GT009063,USR004004
GT003862,USR004005
GT000810,USR004006
GT000354,USR004007
GT002171,USR004008
GT007633,USR004009
GT008862,USR004010
GT000046,USR004011
GT001949,USR004012
GT006489,USR004013
GT006673,USR004014
GT003156,USR004015
GT005760,USR004016
GT002276,USR004017
GT009367,USR004018
GT007941,USR004019
GT008132,USR004020
GT006091,USR004021
GT003616,USR004022
GT000529,USR004023
GT002532,USR004024
GT001237,USR004025
GT009894,USR004026
GT006676,USR004027
GT008435,USR004028
GT006957,USR004029
GT008289,USR004030
GT005182,USR004031
GT002730,USR004032
GT007029,USR004033
GT004084,USR004034
GT008816,USR004035
GT002619,USR004036
GT000786,USR004037
GT000666,USR004038
GT002307,USR004039
GT000357,USR004040
GT003594,USR004041
GT007930,USR004042
GT004840,USR004043
GT008805,USR004044
GT005201,USR004045
GT000995,USR004046
GT004004,USR004047
GT002813,USR004048
GT008460,USR004049
GT004426,USR004050
GT001939,USR004051
GT000257,USR004052
GT004845,USR004053
GT004773,USR004054
GT003204,USR004055
GT002437,USR004056
GT008831,USR004057
GT003113,USR004058
GT008327,USR004059
GT004907,USR004060
GT005473,USR004061
GT002218,USR004062
GT007454,USR004063
GT007881,USR004064
GT005271,USR004065
GT009907,USR004066
GT006517,USR004067
GT005395,USR004068
GT003195,USR004069
GT003576,USR004070
GT003611,USR004071
GT001163,USR004072
GT002848,USR004073
GT001659,USR004074
GT009915,USR004075
GT007911,USR004076
GT008437,USR004077
GT005137,USR004078
GT006005,USR004079
GT004660,USR004080
GT007968,USR004081
GT005148,USR004082
GT007613,USR004083
GT007199,USR004084
GT008564,USR004085
GT006292,USR004086
GT002329,USR004087
GT003250,USR004088
GT009366,USR004089
GT000438,USR004090
GT007569,USR004091
GT001027,USR004092
GT005752,USR004093
GT007185,USR004094
GT009478,USR004095
GT007652,USR004096
GT009735,USR004097
GT000779,USR004098
GT001654,USR004099
GT004851,USR004100
GT009356,USR004101
GT004122,USR004102
GT007846,USR004103
GT009146,USR004104
GT008309,USR004105
GT002385,USR004106
GT005303,USR004107
GT001752,USR004108
GT002702,USR004109
GT001911,USR004110
GT003564,USR004111
GT007674,USR004112
GT000196,USR004113
GT009584,USR004114
GT006163,USR004115
GT006970,USR004116
GT000713,USR004117
GT004921,USR004118
GT007344,USR004119
GT006990,USR004120
GT001953,USR004121
GT008456,USR004122
GT005830,USR004123
GT001668,USR004124
GT006925,USR004125
GT007072,USR004126
GT002448,USR004127
GT003840,USR004128
GT008330,USR004129
GT007444,USR004130
GT008041,USR004131
GT006798,USR004132
GT005252,USR004133
GT000266,USR004134
GT008951,USR004135
GT001460,USR004136
GT007244,USR004137
GT008034,USR004138
GT004195,USR004139
GT002499,USR004140
GT007895,USR004141
GT007979,USR004142
GT003379,USR004143
GT009878,USR004144
GT004476,USR004145
GT005668,USR004146
GT007161,USR004147
GT007249,USR004148
GT000674,USR004149
GT001881,USR004150
GT007543,USR004151
GT009354,USR004152
GT009939,USR004153
GT009581,USR004154
GT005332,USR004155
GT007320,USR004156
GT005104,USR004157
GT001198,USR004158
GT000329,USR004159
GT001064,USR004160
GT005774,USR004161
GT008416,USR004162
GT008357,USR004163
GT002436,USR004164
GT001419,USR004165
GT002790,USR004166
GT008023,USR004167
GT003424,USR004168
GT005374,USR004169
GT003192,USR004170
GT004493,USR004171
GT005672,USR004172
GT005574,USR004173
GT009072,USR004174
GT002838,USR004175
GT003620,USR004176
GT009634,USR004177
GT008971,USR004178
GT002455,USR004179
GT001500,USR004180
GT008868,USR004181
GT000662,USR004182
GT005145,USR004183
GT000996,USR004184
GT006372,USR004185
GT004209,USR004186
GT005687,USR004187
GT002602,USR004188
GT004157,USR004189
GT008645,USR004190
GT009560,USR004191
GT008909,USR004192
GT006458,USR004193
GT005388,USR004194
GT001269,USR004195
GT007830,USR004196
GT001817,USR004197
GT001681,USR004198
GT004516,USR004199
GT002793,USR004200
GT004193,USR004201
GT008286,USR004202
GT006903,USR004203
GT001932,USR004204
GT002467,USR004205
GT005451,USR004206
GT001440,USR004207
GT009199,USR004208
GT006615,USR004209
GT007864,USR004210
GT002549,USR004211
GT007380,USR004212
GT008830,USR004213
GT004520,USR004214
GT007710,USR004215
GT006230,USR004216
GT001997,USR004217
GT004929,USR004218
GT002167,USR004219
GT001577,USR004220
GT005740,USR004221
GT006342,USR004222
GT009130,USR004223
GT000159,USR004224
GT006661,USR004225
GT007801,USR004226
GT003091,USR004227
GT001400,USR004228
GT004732,USR004229
GT009627,USR004230
GT008589,USR004231
GT003341,USR004232
GT005625,USR004233
GT009963,USR004234
GT006252,USR004235
GT002471,USR004236
GT000331,USR004237
GT009521,USR004238
GT007806,USR004239
GT005407,USR004240
GT002542,USR004241
GT004605,USR004242
GT003508,USR004243
GT003240,USR004244
GT009147,USR004245
GT003728,USR004246
GT007247,USR004247
GT004072,USR004248
GT008666,USR004249
GT006041,USR004250
GT007655,USR004251
GT006742,USR004252
GT000097,USR004253
GT009377,USR004254
GT008409,USR004255
GT009319,USR004256
GT003054,USR004257
GT008240,USR004258
GT004110,USR004259
GT002484,USR004260
GT009259,USR004261
GT005932,USR004262
GT007442,USR004263
GT003799,USR004264
GT002904,USR004265
GT008638,USR004266
GT005191,USR004267
GT008153,USR004268
GT008062,USR004269
GT009768,USR004270
GT004423,USR004271
GT005557,USR004272
GT004143,USR004273
GT008244,USR004274
GT005898,USR004275
GT000625,USR004276
GT000071,USR004277
GT007364,USR004278
GT005424,USR004279
GT002051,USR004280
GT001152,USR004281
GT003742,USR004282
GT003070,USR004283
GT003205,USR004284
GT008137,USR004285
GT001809,USR004286
GT004555,USR004287
GT006175,USR004288
GT008219,USR004289
GT006720,USR004290
